date,open,high,low,close,volume,barCount,average
2023-10-30 01:00:00+00:00,414.4,415.1,413.2,414.1,1248,663,414.40886809
2023-10-30 01:15:00+00:00,414.2,415.1,414.2,415.0,157,96,414.54031915
2023-10-30 01:30:00+00:00,415.0,415.0,413.9,414.1,268,130,414.39947872
2023-10-30 01:45:00+00:00,414.1,414.3,413.9,413.9,98,55,414.02390426
2023-10-30 02:00:00+00:00,413.9,414.4,413.7,413.9,124,103,414.02390426
2023-10-30 02:15:00+00:00,413.9,414.0,413.0,413.1,242,79,413.33848085
2023-10-30 02:30:00+00:00,413.0,413.7,412.9,413.5,118,57,413.21641915
2023-10-30 02:45:00+00:00,413.5,413.7,413.0,413.5,138,87,413.46993191
2023-10-30 03:00:00+00:00,413.5,414.4,413.5,414.4,104,65,414.09901915
2023-10-30 03:15:00+00:00,414.4,414.7,414.1,414.1,68,43,414.43703617
2023-10-30 03:30:00+00:00,414.1,414.3,414.1,414.1,30,24,414.17413404
2023-10-30 03:45:00+00:00,414.2,414.9,414.2,414.6,69,52,414.61543404
2023-10-30 04:00:00+00:00,414.7,414.9,414.5,414.6,105,84,414.63421277
2023-10-30 04:15:00+00:00,414.5,414.5,414.0,414.4,91,71,414.39947872
2023-10-30 04:30:00+00:00,414.5,414.7,414.4,414.5,29,14,414.59665532
2023-10-30 04:45:00+00:00,414.4,414.5,414.2,414.2,29,17,414.3807
2023-10-30 05:00:00+00:00,414.3,414.3,414.2,414.2,10,8,414.21169149
2023-10-30 05:15:00+00:00,414.2,414.3,414.2,414.3,9,7,414.19291277
2023-10-30 05:30:00+00:00,414.3,414.5,414.3,414.4,35,24,414.36192128
2023-10-30 05:45:00+00:00,414.4,414.6,414.2,414.3,24,18,414.47459362
2023-10-30 06:00:00+00:00,414.3,414.4,414.1,414.4,20,14,414.23985957
2023-10-30 06:15:00+00:00,414.3,414.4,414.1,414.1,16,12,414.24924894
2023-10-30 06:30:00+00:00,413.9,414.7,413.9,414.3,61,28,414.35253191
2023-10-30 06:45:00+00:00,414.3,414.4,413.9,414.3,58,32,414.17413404
2023-10-30 07:00:00+00:00,414.3,414.5,414.2,414.5,49,31,414.31497447
2023-10-30 07:15:00+00:00,414.4,414.5,414.3,414.3,66,26,414.47459362
2023-10-30 07:30:00+00:00,414.2,414.3,413.6,413.7,47,25,413.87367447
2023-10-30 07:45:00+00:00,413.6,413.9,413.4,413.6,107,55,413.63894043
2023-10-30 08:00:00+00:00,413.5,413.7,413.5,413.7,53,42,413.65771915
2023-10-30 08:15:00+00:00,413.6,414.0,413.6,413.7,77,45,413.8173383
2023-10-30 08:30:00+00:00,413.7,413.7,412.9,412.9,106,76,413.28214468
2023-10-30 08:45:00+00:00,412.9,413.2,412.7,412.8,102,73,412.89718085
2023-10-30 09:00:00+00:00,412.9,413.0,412.5,413.0,102,52,412.71878298
2023-10-30 09:15:00+00:00,412.9,413.6,412.9,413.4,51,38,413.23519787
2023-10-30 09:30:00+00:00,413.3,413.5,412.8,412.9,213,113,413.15069362
2023-10-30 09:45:00+00:00,412.9,412.9,412.6,412.8,86,69,412.7375617
2023-10-30 10:00:00+00:00,412.7,412.9,412.4,412.6,148,111,412.58733191
2023-10-30 10:15:00+00:00,412.5,412.9,412.1,412.1,130,86,412.40893404
2023-10-30 10:30:00+00:00,412.0,412.2,411.8,412.2,106,66,411.99580213
2023-10-30 10:45:00+00:00,412.1,412.5,412.0,412.2,203,103,412.22114681
2023-10-30 11:00:00+00:00,412.4,412.5,411.4,411.5,304,117,411.8549617
2023-10-30 11:15:00+00:00,411.4,411.6,411.1,411.3,330,135,411.39488298
2023-10-30 11:30:00+00:00,411.3,411.4,410.9,411.2,145,78,411.25404255
2023-10-30 11:45:00+00:00,411.2,411.6,411.2,411.3,161,96,411.33854681
2023-10-30 12:00:00+00:00,411.2,411.5,411.2,411.3,137,74,411.35732553
2023-10-30 12:15:00+00:00,411.2,411.4,411.1,411.3,94,58,411.26343191
2023-10-30 12:30:00+00:00,411.3,411.3,410.5,410.8,331,163,410.90663617
2023-10-30 12:45:00+00:00,410.8,411.2,410.3,410.5,242,110,410.76579574
2023-10-30 13:00:00+00:00,410.5,410.8,409.7,410.6,567,195,410.23060213
2023-10-30 13:15:00+00:00,410.7,411.5,410.6,411.1,515,205,411.00991915
2023-10-30 13:30:00+00:00,411.1,411.1,409.0,410.0,519,236,410.05220426
2023-10-30 14:30:00+00:00,410.3,411.2,406.0,407.0,6096,2276,407.81753617
2023-10-30 14:45:00+00:00,407.1,409.4,407.0,408.3,2333,904,408.33395106
2023-10-30 15:00:00+00:00,408.2,409.8,407.7,409.8,1699,707,408.58746383
2023-10-30 15:15:00+00:00,409.8,410.4,409.2,409.9,980,475,409.92075319
2023-10-30 15:30:00+00:00,409.8,410.7,408.9,410.4,1187,526,409.67662979
2023-10-30 15:45:00+00:00,410.4,410.9,408.8,409.8,1157,523,409.69540851
2023-10-30 16:00:00+00:00,409.8,409.8,408.1,408.2,1101,492,408.90670213
2023-10-30 16:15:00+00:00,408.1,408.4,407.6,408.2,696,277,407.89265106
2023-10-30 16:30:00+00:00,408.2,408.6,405.6,405.8,2413,654,406.76592766
2023-10-30 16:45:00+00:00,405.8,405.9,404.8,405.7,1499,477,405.47019574
2023-10-30 17:00:00+00:00,405.6,406.0,404.9,405.3,1202,430,405.30118723
2023-10-30 17:15:00+00:00,405.2,405.2,404.2,404.3,965,364,404.58759574
2023-10-30 17:30:00+00:00,404.3,404.8,402.9,403.1,1380,426,403.86461489
2023-10-30 17:45:00+00:00,403.1,403.7,400.7,400.8,2183,723,401.87407021
2023-10-30 18:00:00+00:00,400.8,401.5,400.1,401.0,2068,589,400.75673617
2023-10-30 18:15:00+00:00,400.8,401.6,400.2,400.5,1536,571,400.92574468
2023-10-30 18:30:00+00:00,400.4,400.6,398.5,400.4,2539,613,399.59245532
2023-10-30 18:45:00+00:00,400.3,400.9,399.6,400.5,1667,527,400.26848936
2023-10-30 19:00:00+00:00,400.5,400.8,399.0,400.6,3850,1261,400.11825957
2023-10-30 19:15:00+00:00,400.7,401.1,400.5,400.7,855,243,400.85062979
2023-10-31 01:00:00+00:00,400.6,400.8,399.1,399.5,635,280,399.93047234
2023-10-31 01:15:00+00:00,399.6,400.4,399.6,400.1,68,45,400.05253404
2023-10-31 01:30:00+00:00,400.1,400.2,399.5,399.5,72,53,399.83657872
2023-10-31 01:45:00+00:00,399.6,399.6,398.6,399.0,257,74,399.03848298
2023-10-31 02:00:00+00:00,399.0,399.3,398.1,399.2,335,148,398.66290851
2023-10-31 02:15:00+00:00,399.2,399.5,399.0,399.2,40,31,399.30138511
2023-10-31 02:30:00+00:00,399.0,399.0,398.2,398.3,102,50,398.50328936
2023-10-31 02:45:00+00:00,398.3,398.5,397.8,398.3,93,49,398.07137872
2023-10-31 03:00:00+00:00,398.4,398.4,398.2,398.4,31,22,398.34367021
2023-10-31 03:15:00+00:00,398.4,398.4,397.8,397.9,33,22,398.08076809
2023-10-31 03:30:00+00:00,397.9,397.9,397.7,397.7,35,31,397.8084766
2023-10-31 03:45:00+00:00,397.7,398.2,397.5,398.0,103,50,397.82725532
2023-10-31 04:00:00+00:00,398.0,398.0,397.7,397.7,34,26,397.88359149
2023-10-31 04:15:00+00:00,397.8,398.1,397.8,398.0,34,21,397.93992766
2023-10-31 04:30:00+00:00,398.0,398.0,397.7,397.7,15,14,397.83664468
2023-10-31 04:45:00+00:00,397.6,397.6,397.6,397.6,19,13,397.63946809
2023-10-31 05:00:00+00:00,397.6,397.6,397.5,397.5,16,12,397.55496383
2023-10-31 05:15:00+00:00,397.6,397.6,397.4,397.4,36,17,397.46107021
2023-10-31 05:30:00+00:00,397.5,398.1,397.2,397.5,268,125,397.6113
2023-10-31 05:45:00+00:00,397.5,398.0,397.5,397.7,101,50,397.77091915
2023-10-31 06:00:00+00:00,397.8,397.9,397.6,397.8,22,18,397.78030851
2023-10-31 06:15:00+00:00,397.8,397.9,397.6,397.8,24,20,397.77091915
2023-10-31 06:30:00+00:00,397.8,397.9,397.5,397.7,40,22,397.63007872
2023-10-31 06:45:00+00:00,397.7,397.8,397.5,397.7,40,18,397.72397234
2023-10-31 07:00:00+00:00,397.8,398.0,397.5,397.9,58,44,397.81786596
2023-10-31 07:15:00+00:00,397.9,398.2,397.9,398.0,22,18,398.04321064
2023-10-31 07:30:00+00:00,397.9,398.8,397.8,398.8,75,47,398.43756383
2023-10-31 07:45:00+00:00,398.8,398.8,398.1,398.1,100,62,398.4939
2023-10-31 08:00:00+00:00,398.3,398.4,397.8,397.8,90,60,398.14649362
2023-10-31 08:15:00+00:00,397.8,397.9,397.7,397.8,30,23,397.83664468
2023-10-31 08:30:00+00:00,397.8,398.2,397.7,397.9,71,49,397.93992766
2023-10-31 08:45:00+00:00,397.8,398.3,397.7,398.2,97,60,398.0526
2023-10-31 09:00:00+00:00,398.2,398.7,397.8,398.5,129,80,398.2497766
2023-10-31 09:15:00+00:00,398.5,399.6,398.5,399.5,199,107,399.12298723
2023-10-31 09:30:00+00:00,399.5,400.0,399.5,399.7,157,86,399.79902128
2023-10-31 09:45:00+00:00,399.5,400.0,399.3,400.0,102,61,399.73329574
2023-10-31 10:00:00+00:00,400.0,400.6,400.0,400.5,97,54,400.33421489
2023-10-31 10:15:00+00:00,400.5,401.7,400.4,401.6,253,119,401.03841702
2023-10-31 10:30:00+00:00,401.6,402.4,401.4,402.1,366,174,402.13697234
2023-10-31 10:45:00+00:00,402.2,402.3,401.6,401.7,114,52,401.98674255
2023-10-31 11:00:00+00:00,401.7,402.2,401.3,401.5,133,83,401.72384043
2023-10-31 11:15:00+00:00,401.6,402.5,401.4,402.4,71,47,401.9022383
2023-10-31 11:30:00+00:00,402.5,402.8,402.0,402.1,206,104,402.36231702
2023-10-31 11:45:00+00:00,402.1,402.6,401.8,402.1,158,89,402.27781277
2023-10-31 12:00:00+00:00,402.1,402.2,401.4,402.1,114,71,401.85529149
2023-10-31 12:15:00+00:00,402.1,403.2,402.1,403.1,250,155,402.76605957
2023-10-31 12:30:00+00:00,403.2,403.8,403.2,403.5,280,145,403.50781915
2023-10-31 12:45:00+00:00,403.5,403.6,403.0,403.0,155,78,403.40453617
2023-10-31 13:00:00+00:00,403.0,403.5,403.0,403.4,117,68,403.31064255
2023-10-31 13:15:00+00:00,403.4,403.5,401.2,401.5,328,145,402.06185745
2023-10-31 13:30:00+00:00,401.5,403.2,401.5,402.3,483,230,402.19330851
2023-10-31 14:30:00+00:00,402.3,407.0,399.2,401.4,6419,2432,403.09468723
2023-10-31 14:45:00+00:00,401.4,403.1,400.0,400.9,1940,842,401.59238936
2023-10-31 15:00:00+00:00,400.9,403.5,400.6,402.0,1355,524,402.32475957
2023-10-31 15:15:00+00:00,401.9,403.6,399.9,403.0,1500,715,401.78956596
2023-10-31 15:30:00+00:00,403.0,404.4,401.4,404.1,1197,535,402.7097234
2023-10-31 15:45:00+00:00,404.0,405.5,403.6,405.3,1722,697,404.49370213
2023-10-31 16:00:00+00:00,405.4,408.4,405.1,407.8,2655,970,406.4373
2023-10-31 16:15:00+00:00,407.7,408.7,406.0,407.3,2577,1021,407.22600638
2023-10-31 16:30:00+00:00,407.3,407.4,406.1,407.0,1316,647,406.66264468
2023-10-31 16:45:00+00:00,406.9,406.9,405.9,406.0,941,494,406.54997234
2023-10-31 17:00:00+00:00,406.0,407.0,405.3,405.3,869,376,406.1180617
2023-10-31 17:15:00+00:00,405.3,405.3,404.2,404.5,910,350,404.71904681
2023-10-31 17:30:00+00:00,404.6,405.1,403.8,404.1,897,347,404.53125957
2023-10-31 17:45:00+00:00,404.2,405.3,404.1,405.0,579,283,404.72843617
2023-10-31 18:00:00+00:00,405.1,406.3,404.8,405.5,703,308,405.48897447
2023-10-31 18:15:00+00:00,405.4,405.4,403.7,404.6,783,334,404.36225106
2023-10-31 18:30:00+00:00,404.5,406.1,404.4,405.4,1082,420,405.41385957
2023-10-31 18:45:00+00:00,405.4,406.7,405.2,405.9,1387,528,406.03355745
2023-10-31 19:00:00+00:00,405.9,406.1,404.2,404.6,3149,1032,404.78477234
2023-10-31 19:15:00+00:00,404.6,405.5,404.5,405.2,815,246,404.9162234
2023-11-01 01:00:00+00:00,404.7,406.2,404.5,404.7,416,211,405.32935532
2023-11-01 01:15:00+00:00,404.7,405.2,404.6,405.2,34,25,404.78477234
2023-11-01 01:30:00+00:00,405.0,405.2,404.9,405.1,109,54,405.04767447
2023-11-01 01:45:00+00:00,405.1,405.1,404.7,404.7,73,43,404.88805532
2023-11-01 02:00:00+00:00,404.9,405.2,404.7,405.1,81,43,405.01011702
2023-11-01 02:15:00+00:00,405.2,405.2,404.6,404.6,113,58,404.85988723
2023-11-01 02:30:00+00:00,404.7,404.7,404.5,404.7,24,19,404.63454255
2023-11-01 02:45:00+00:00,404.6,404.6,403.2,403.3,148,65,403.62049149
2023-11-01 03:00:00+00:00,403.3,403.5,402.8,402.9,80,42,403.1040766
2023-11-01 03:15:00+00:00,402.9,403.8,402.9,403.8,36,21,403.38575745
2023-11-01 03:30:00+00:00,404.1,404.5,404.0,404.2,38,25,404.24957872
2023-11-01 03:45:00+00:00,404.2,404.3,404.0,404.1,23,9,404.09934894
2023-11-01 04:00:00+00:00,404.0,404.2,403.9,404.2,16,15,404.04301277
2023-11-01 04:15:00+00:00,404.2,404.5,403.9,404.0,51,23,404.16507447
2023-11-01 04:30:00+00:00,404.0,404.5,404.0,404.4,34,13,404.31530426
2023-11-01 04:45:00+00:00,404.3,404.3,404.2,404.2,4,3,404.25896809
2023-11-01 05:00:00+00:00,404.1,404.4,404.0,404.2,16,11,404.17446383
2023-11-01 05:15:00+00:00,404.2,404.2,404.1,404.2,12,6,404.20263191
2023-11-01 05:30:00+00:00,404.1,404.4,404.0,404.4,23,13,404.18385319
2023-11-01 05:45:00+00:00,404.2,404.2,404.1,404.1,9,7,404.18385319
2023-11-01 06:00:00+00:00,404.2,404.2,404.2,404.2,3,2,404.21202128
2023-11-01 06:15:00+00:00,404.1,404.4,404.1,404.2,13,10,404.24018936
2023-11-01 06:30:00+00:00,404.2,404.5,404.1,404.3,25,19,404.26835745
2023-11-01 06:45:00+00:00,404.2,404.2,403.8,404.2,23,14,403.94911915
2023-11-01 07:00:00+00:00,404.3,405.0,404.3,405.0,51,26,404.62515319
2023-11-01 07:15:00+00:00,405.0,405.2,404.7,405.2,61,39,405.01011702
2023-11-01 07:30:00+00:00,405.3,405.9,405.2,405.7,121,75,405.5547
2023-11-01 07:45:00+00:00,405.7,406.0,405.2,405.5,74,40,405.60164681
2023-11-01 08:00:00+00:00,405.6,406.0,405.6,405.9,42,28,405.7518766
2023-11-01 08:15:00+00:00,405.9,406.2,405.6,405.6,103,28,405.97722128
2023-11-01 08:30:00+00:00,405.5,405.5,404.6,404.7,44,36,405.05706383
2023-11-01 08:45:00+00:00,404.7,404.7,404.3,404.7,47,31,404.51248085
2023-11-01 09:00:00+00:00,404.6,404.8,404.2,404.7,197,160,404.43736596
2023-11-01 09:15:00+00:00,404.6,404.7,403.5,404.0,117,61,403.92095106
2023-11-01 09:30:00+00:00,403.8,404.0,403.3,403.6,176,89,403.60171277
2023-11-01 09:45:00+00:00,403.7,404.0,403.5,403.9,72,37,403.68621702
2023-11-01 10:00:00+00:00,403.8,404.0,403.6,404.0,114,49,403.93034043
2023-11-01 10:15:00+00:00,403.9,404.0,403.3,403.4,83,43,403.57354468
2023-11-01 10:30:00+00:00,403.5,403.5,402.1,402.3,363,148,402.6627766
2023-11-01 10:45:00+00:00,402.3,402.7,402.1,402.6,85,61,402.29659149
2023-11-01 11:00:00+00:00,402.6,402.6,402.2,402.6,75,50,402.45621064
2023-11-01 11:15:00+00:00,402.5,402.8,402.1,402.8,174,59,402.55949362
2023-11-01 11:30:00+00:00,402.7,402.7,401.5,402.1,282,129,401.92101702
2023-11-01 11:45:00+00:00,401.9,402.1,401.2,401.9,364,164,401.41399149
2023-11-01 12:00:00+00:00,401.8,402.1,401.6,401.8,83,51,401.76139787
2023-11-01 12:15:00+00:00,401.9,401.9,401.6,401.7,42,31,401.76139787
2023-11-01 12:30:00+00:00,401.7,401.7,401.1,401.2,48,31,401.35765532
2023-11-01 12:45:00+00:00,401.2,401.7,400.8,401.3,242,102,401.18864681
2023-11-01 13:00:00+00:00,401.2,401.8,401.2,401.5,117,87,401.39521277
2023-11-01 13:15:00+00:00,401.5,402.1,401.0,401.7,479,227,401.62994681
2023-11-01 13:30:00+00:00,401.7,402.0,401.4,401.9,392,161,401.65811489
2023-11-01 14:30:00+00:00,401.9,402.1,398.1,399.7,5025,1908,399.95864043
2023-11-01 14:45:00+00:00,399.6,402.5,399.5,401.1,1872,783,401.583
2023-11-01 15:00:00+00:00,401.2,401.8,399.7,400.7,1722,681,400.64406383
2023-11-01 15:15:00+00:00,400.7,402.1,399.9,400.1,1146,528,401.19803617
2023-11-01 15:30:00+00:00,400.0,401.5,399.8,401.2,1005,402,400.83185106
2023-11-01 15:45:00+00:00,401.2,405.2,401.2,405.1,2086,821,403.38575745
2023-11-01 16:00:00+00:00,405.1,405.1,401.6,402.3,1681,645,403.16041277
2023-11-01 16:15:00+00:00,402.2,403.4,401.4,401.5,809,365,402.51254681
2023-11-01 16:30:00+00:00,401.6,403.4,401.0,403.2,1038,415,402.38109574
2023-11-01 16:45:00+00:00,403.0,403.2,402.0,403.0,738,339,402.57827234
2023-11-01 17:00:00+00:00,402.9,404.1,402.1,403.8,841,344,402.95384681
2023-11-01 17:15:00+00:00,403.7,405.1,403.1,403.7,1129,396,404.08057021
2023-11-01 17:30:00+00:00,403.8,404.0,402.3,403.2,804,377,402.99140426
2023-11-01 17:45:00+00:00,403.3,404.3,402.5,403.9,815,297,403.48904043
2023-11-01 18:00:00+00:00,404.0,404.7,403.5,403.8,412,183,404.06179149
2023-11-01 18:15:00+00:00,403.8,404.6,403.5,404.3,391,192,404.06179149
2023-11-01 18:30:00+00:00,404.2,405.3,403.9,404.7,1393,487,404.72843617
2023-11-01 18:45:00+00:00,404.8,405.2,403.8,403.9,1199,473,404.62515319
2023-11-01 19:00:00+00:00,404.0,404.9,403.7,404.0,2094,757,404.16507447
2023-11-01 19:15:00+00:00,404.0,405.1,403.8,404.9,595,206,404.52187021
2023-11-02 01:00:00+00:00,404.1,406.5,404.1,406.0,433,227,405.44202766
2023-11-02 01:15:00+00:00,405.9,406.2,405.9,406.0,43,27,405.98661064
2023-11-02 01:30:00+00:00,406.1,406.1,405.9,405.9,22,17,406.00538936
2023-11-02 01:45:00+00:00,405.9,405.9,404.7,404.8,70,40,405.21668298
2023-11-02 02:00:00+00:00,404.8,405.7,404.8,405.3,92,50,405.34813404
2023-11-02 02:15:00+00:00,405.5,405.9,405.5,405.8,36,26,405.70492979
2023-11-02 02:30:00+00:00,405.8,406.2,405.8,406.1,36,22,406.01477872
2023-11-02 02:45:00+00:00,406.2,406.5,405.9,406.0,43,19,406.22134468
2023-11-02 03:00:00+00:00,405.8,406.0,405.5,405.5,28,19,405.68615106
2023-11-02 03:15:00+00:00,405.7,405.7,405.6,405.7,8,8,405.6767617
2023-11-02 03:30:00+00:00,405.7,405.9,405.6,405.6,19,17,405.76126596
2023-11-02 03:45:00+00:00,405.7,405.7,405.4,405.4,8,6,405.56408936
2023-11-02 04:00:00+00:00,405.6,405.7,405.5,405.7,9,8,405.62042553
2023-11-02 04:15:00+00:00,405.7,405.8,405.6,405.6,6,5,405.71431915
2023-11-02 04:30:00+00:00,405.7,405.8,405.6,405.7,13,11,405.70492979
2023-11-02 04:45:00+00:00,405.8,405.8,405.8,405.8,5,5,405.80821277
2023-11-02 05:00:00+00:00,405.9,406.1,405.9,406.1,25,16,405.95844255
2023-11-02 05:15:00+00:00,406.0,406.3,406.0,406.3,20,15,406.09928298
2023-11-02 05:30:00+00:00,406.2,406.3,406.0,406.1,11,10,406.13684043
2023-11-02 05:45:00+00:00,406.1,406.2,406.0,406.0,16,13,406.07111489
2023-11-02 06:00:00+00:00,405.9,405.9,405.8,405.9,6,5,405.88332766
2023-11-02 06:15:00+00:00,406.0,406.3,406.0,406.0,12,10,406.08050426
2023-11-02 06:30:00+00:00,406.0,406.2,405.9,406.2,44,25,406.06172553
2023-11-02 06:45:00+00:00,406.3,406.4,406.0,406.0,88,53,406.29645957
2023-11-02 07:00:00+00:00,406.1,406.2,405.5,405.9,71,44,405.77065532
2023-11-02 07:15:00+00:00,405.9,406.2,405.7,406.2,39,27,405.96783191
2023-11-02 07:30:00+00:00,406.2,406.4,406.2,406.3,10,9,406.24951277
2023-11-02 07:45:00+00:00,406.2,406.5,406.2,406.4,43,27,406.37157447
2023-11-02 08:00:00+00:00,406.3,406.4,406.3,406.4,34,12,406.29645957
2023-11-02 08:15:00+00:00,406.4,407.0,406.4,406.9,96,54,406.72837021
2023-11-02 08:30:00+00:00,406.8,407.0,406.8,406.9,56,29,406.96310426
2023-11-02 08:45:00+00:00,406.9,407.0,406.7,406.8,32,20,406.86921064
2023-11-02 09:00:00+00:00,406.9,407.5,406.6,407.3,305,98,407.15089149
2023-11-02 09:15:00+00:00,407.3,407.4,407.2,407.2,38,27,407.27295319
2023-11-02 09:30:00+00:00,407.3,407.3,406.8,406.9,43,31,407.0006617
2023-11-02 09:45:00+00:00,406.9,406.9,406.1,406.4,106,37,406.42791064
2023-11-02 10:00:00+00:00,406.5,406.7,406.4,406.5,68,33,406.58752979
2023-11-02 10:15:00+00:00,406.5,407.0,406.2,406.3,149,71,406.6814234
2023-11-02 10:30:00+00:00,406.3,406.7,406.2,406.7,56,35,406.45607872
2023-11-02 10:45:00+00:00,406.7,407.7,406.7,407.2,301,76,407.10394468
2023-11-02 11:00:00+00:00,407.0,407.8,407.0,407.8,71,32,407.36684681
2023-11-02 11:15:00+00:00,407.8,408.0,406.9,407.9,174,88,407.48890851
2023-11-02 11:30:00+00:00,407.7,407.8,407.2,407.2,31,20,407.5640234
2023-11-02 11:45:00+00:00,407.2,407.4,406.9,407.2,51,47,407.28234255
2023-11-02 12:00:00+00:00,407.2,407.2,406.7,406.9,45,33,406.92554681
2023-11-02 12:15:00+00:00,406.9,406.9,405.6,405.8,122,66,406.07111489
2023-11-02 12:30:00+00:00,405.8,405.8,405.1,405.3,200,117,405.39508085
2023-11-02 12:45:00+00:00,405.4,405.7,405.3,405.5,58,36,405.5547
2023-11-02 13:00:00+00:00,405.4,405.5,404.3,405.0,132,82,404.85988723
2023-11-02 13:15:00+00:00,405.1,405.2,405.0,405.0,140,74,405.10401064
2023-11-02 13:30:00+00:00,405.0,405.0,403.1,404.1,1054,416,403.71438511
2023-11-02 14:30:00+00:00,403.6,404.9,401.4,401.9,5462,2056,402.73789149
2023-11-02 14:45:00+00:00,402.0,403.7,401.5,402.5,2284,779,402.79422766
2023-11-02 15:00:00+00:00,402.4,403.4,401.7,402.9,1469,532,402.38109574
2023-11-02 15:15:00+00:00,402.8,403.7,402.5,403.1,1171,508,403.1040766
2023-11-02 15:30:00+00:00,403.2,403.2,400.9,402.4,1771,626,401.84590213
2023-11-02 15:45:00+00:00,402.3,403.3,401.7,401.8,1478,564,402.38109574
2023-11-02 16:00:00+00:00,401.8,402.0,400.5,400.8,1210,425,401.11353191
2023-11-02 16:15:00+00:00,400.7,403.2,400.6,402.7,914,333,401.75200851
2023-11-02 16:30:00+00:00,402.8,403.0,402.1,402.1,795,364,402.35292766
2023-11-02 16:45:00+00:00,402.1,402.1,401.1,401.4,427,202,401.59238936
2023-11-02 17:00:00+00:00,401.3,401.7,399.8,400.0,1201,399,400.80368298
2023-11-02 17:15:00+00:00,399.9,399.9,398.3,399.1,1659,504,399.06665106
2023-11-02 17:30:00+00:00,399.1,399.4,398.1,398.7,1018,368,398.65351915
2023-11-02 17:45:00+00:00,398.6,398.7,397.7,397.7,1569,513,398.25916596
2023-11-02 18:00:00+00:00,397.7,401.5,396.7,400.2,4707,1321,398.63474043
2023-11-02 18:15:00+00:00,400.2,401.2,399.0,399.9,2248,805,400.2591
2023-11-02 18:30:00+00:00,400.0,400.6,399.7,399.9,1150,562,399.95864043
2023-11-02 18:45:00+00:00,400.0,400.8,399.7,400.7,629,289,400.23093191
2023-11-02 19:00:00+00:00,400.6,400.7,399.3,400.3,2328,1015,400.04314468
2023-11-02 19:15:00+00:00,400.4,401.6,400.3,401.0,600,178,400.96330213
2023-11-03 01:00:00+00:00,401.2,402.3,400.3,400.4,335,186,401.15108936
2023-11-03 01:15:00+00:00,400.5,400.6,399.5,399.7,112,53,400.09009149
2023-11-03 01:30:00+00:00,399.7,399.8,399.5,399.7,38,30,399.63940213
2023-11-03 01:45:00+00:00,399.8,400.1,399.8,400.0,43,18,399.96802979
2023-11-03 02:00:00+00:00,400.1,400.6,399.8,400.1,82,47,400.2591
2023-11-03 02:15:00+00:00,400.1,400.4,399.9,400.2,36,19,400.15581702
2023-11-03 02:30:00+00:00,400.3,400.9,400.2,400.5,71,43,400.5032234
2023-11-03 02:45:00+00:00,400.5,401.0,400.5,401.0,24,12,400.79429362
2023-11-03 03:00:00+00:00,401.1,401.2,400.4,400.6,17,13,400.68162128
2023-11-03 03:15:00+00:00,400.6,400.6,400.5,400.6,11,8,400.54078085
2023-11-03 03:30:00+00:00,400.6,401.0,400.6,400.7,27,15,400.86001915
2023-11-03 03:45:00+00:00,400.9,402.1,400.9,402.1,129,64,401.68628298
2023-11-03 04:00:00+00:00,402.1,402.1,401.5,401.5,67,45,401.81773404
2023-11-03 04:15:00+00:00,401.6,401.8,401.6,401.8,11,7,401.66750426
2023-11-03 04:30:00+00:00,401.8,401.8,401.2,401.2,44,21,401.47032766
2023-11-03 04:45:00+00:00,401.1,401.1,400.9,401.0,11,10,401.02902766
2023-11-03 05:00:00+00:00,401.0,401.2,401.0,401.2,10,9,401.07597447
2023-11-03 05:15:00+00:00,401.2,401.7,401.2,401.6,25,15,401.39521277
2023-11-03 05:30:00+00:00,401.6,401.7,401.6,401.6,4,4,401.61116809
2023-11-03 05:45:00+00:00,401.8,401.9,401.8,401.9,16,7,401.84590213
2023-11-03 06:00:00+00:00,401.8,401.9,401.7,401.7,17,15,401.7801766
2023-11-03 06:15:00+00:00,401.7,402.0,401.7,402.0,14,8,401.85529149
2023-11-03 06:30:00+00:00,402.0,402.2,401.7,401.7,43,33,401.93040638
2023-11-03 06:45:00+00:00,401.7,401.8,400.8,401.1,136,76,401.16047872
2023-11-03 07:00:00+00:00,401.3,401.6,401.3,401.4,66,37,401.45154894
2023-11-03 07:15:00+00:00,401.4,401.4,401.0,401.1,36,12,401.1417
2023-11-03 07:30:00+00:00,401.3,402.0,401.3,402.0,41,24,401.57361064
2023-11-03 07:45:00+00:00,402.0,402.4,401.8,402.0,82,54,402.09002553
2023-11-03 08:00:00+00:00,402.1,402.2,401.9,401.9,42,33,402.08063617
2023-11-03 08:15:00+00:00,401.9,401.9,401.5,401.6,88,42,401.69567234
2023-11-03 08:30:00+00:00,401.7,401.7,401.3,401.4,50,29,401.47032766
2023-11-03 08:45:00+00:00,401.4,401.6,400.7,400.8,161,61,401.15108936
2023-11-03 09:00:00+00:00,400.8,400.9,399.7,399.7,149,70,400.14642766
2023-11-03 09:15:00+00:00,399.7,400.0,399.7,399.9,52,35,399.85535745
2023-11-03 09:30:00+00:00,400.0,400.4,399.7,399.7,93,53,400.08070213
2023-11-03 09:45:00+00:00,399.6,400.2,399.6,399.9,67,43,399.88352553
2023-11-03 10:00:00+00:00,399.9,399.9,399.4,399.4,52,32,399.66757021
2023-11-03 10:15:00+00:00,399.4,399.4,399.0,399.3,179,92,399.20749149
2023-11-03 10:30:00+00:00,399.4,399.5,399.3,399.5,51,27,399.44222553
2023-11-03 10:45:00+00:00,399.4,399.8,399.0,399.6,247,101,399.46100426
2023-11-03 11:00:00+00:00,399.7,400.2,399.5,399.9,105,42,399.9398617
2023-11-03 11:15:00+00:00,399.9,399.9,398.5,399.0,302,65,399.04787234
2023-11-03 11:30:00+00:00,398.9,399.0,398.6,398.9,127,70,398.75680213
2023-11-03 11:45:00+00:00,399.0,399.7,399.0,399.3,258,129,399.40466809
2023-11-03 12:00:00+00:00,399.3,400.2,399.3,399.9,120,89,399.76146383
2023-11-03 12:15:00+00:00,399.9,400.6,399.8,400.1,108,67,400.16520638
2023-11-03 12:30:00+00:00,400.0,400.9,400.0,400.0,101,69,400.42810851
2023-11-03 12:45:00+00:00,399.9,400.6,399.9,400.5,140,68,400.19337447
2023-11-03 13:00:00+00:00,400.5,401.1,400.3,400.9,175,85,400.78490426
2023-11-03 13:15:00+00:00,400.8,401.8,400.8,401.7,190,102,401.40460213
2023-11-03 13:30:00+00:00,401.9,402.8,401.7,402.0,434,230,402.24964468
2023-11-03 14:30:00+00:00,401.9,405.9,401.3,403.1,4962,1928,403.5923234
2023-11-03 14:45:00+00:00,403.2,407.0,402.9,406.7,2583,1038,405.47958511
2023-11-03 15:00:00+00:00,406.7,408.6,406.7,407.5,2134,904,407.7612
2023-11-03 15:15:00+00:00,407.5,408.6,406.7,408.2,1708,717,407.62974894
2023-11-03 15:30:00+00:00,408.2,408.5,406.5,406.8,1470,619,407.57341277
2023-11-03 15:45:00+00:00,406.8,407.1,405.5,406.0,859,369,406.06172553
2023-11-03 16:00:00+00:00,406.0,406.9,404.9,405.4,946,410,405.74248723
2023-11-03 16:15:00+00:00,405.5,406.9,405.3,406.6,893,352,406.14622979
2023-11-03 16:30:00+00:00,406.5,407.4,405.2,406.9,759,369,406.49363617
2023-11-03 16:45:00+00:00,406.9,407.6,406.6,407.2,495,281,406.94432553
2023-11-03 17:00:00+00:00,407.3,409.2,407.0,409.0,1756,642,407.93959787
2023-11-03 17:15:00+00:00,409.1,411.4,408.0,411.3,2446,825,409.90197447
2023-11-03 17:30:00+00:00,411.3,413.0,411.2,412.0,2385,856,411.91129787
2023-11-03 17:45:00+00:00,412.1,414.4,412.1,412.9,2054,766,413.38542766
2023-11-03 18:00:00+00:00,412.9,413.9,411.7,412.9,1068,436,412.85023404
2023-11-03 18:15:00+00:00,412.9,413.3,412.5,413.1,872,414,412.88779149
2023-11-03 18:30:00+00:00,413.2,413.5,412.3,413.1,739,361,412.94412766
2023-11-03 18:45:00+00:00,413.0,414.6,412.9,414.1,1183,501,414.10840851
2023-11-03 19:00:00+00:00,414.3,415.4,413.3,415.3,4161,1390,414.88772553
2023-11-03 19:15:00+00:00,415.1,417.8,415.0,417.3,1441,414,416.08956383
2023-11-06 02:00:00+00:00,415.8,418.8,415.1,415.8,1050,620,416.33368723
2023-11-06 02:15:00+00:00,415.7,416.0,413.9,415.2,447,222,414.83138936
2023-11-06 02:30:00+00:00,415.2,415.8,414.5,414.8,187,118,415.17879574
2023-11-06 02:45:00+00:00,414.9,415.9,414.7,415.8,199,121,415.21635319
2023-11-06 03:00:00+00:00,415.8,415.9,415.1,415.2,115,79,415.59192766
2023-11-06 03:15:00+00:00,415.2,415.7,415.2,415.6,29,24,415.48864468
2023-11-06 03:30:00+00:00,415.5,416.4,415.5,416.3,141,59,415.73276809
2023-11-06 03:45:00+00:00,416.3,416.9,416.2,416.7,64,38,416.54964255
2023-11-06 04:00:00+00:00,416.8,417.3,416.7,416.9,83,45,416.93460638
2023-11-06 04:15:00+00:00,417.0,417.1,416.8,416.9,19,19,416.92521702
2023-11-06 04:30:00+00:00,416.9,416.9,416.8,416.9,5,5,416.86888085
2023-11-06 04:45:00+00:00,416.8,417.7,416.7,417.7,52,37,417.20689787
2023-11-06 05:00:00+00:00,417.8,418.1,417.5,417.7,101,64,417.80781702
2023-11-06 05:15:00+00:00,417.8,418.0,417.1,417.2,67,43,417.51674681
2023-11-06 05:30:00+00:00,417.3,417.3,416.9,417.1,14,14,417.06605745
2023-11-06 05:45:00+00:00,417.1,417.1,417.0,417.0,10,10,417.01911064
2023-11-06 06:00:00+00:00,416.9,417.0,416.7,416.9,29,11,416.75620851
2023-11-06 06:15:00+00:00,416.9,417.1,416.9,417.1,19,7,416.91582766
2023-11-06 06:30:00+00:00,417.2,417.5,416.8,417.1,41,26,417.10361489
2023-11-06 06:45:00+00:00,417.0,417.5,417.0,417.3,38,26,417.20689787
2023-11-06 07:00:00+00:00,417.5,417.9,417.3,417.5,58,45,417.65758723
2023-11-06 07:15:00+00:00,417.5,417.5,417.1,417.4,47,28,417.35712766
2023-11-06 07:30:00+00:00,417.5,417.9,417.4,417.5,91,49,417.65758723
2023-11-06 07:45:00+00:00,417.6,417.9,417.5,417.7,23,20,417.6669766
2023-11-06 08:00:00+00:00,417.6,417.7,417.2,417.3,35,25,417.36651702
2023-11-06 08:15:00+00:00,417.2,418.0,417.1,417.9,28,21,417.5918617
2023-11-06 08:30:00+00:00,417.9,418.2,417.9,418.0,124,59,418.1082766
2023-11-06 08:45:00+00:00,418.0,418.0,417.2,417.2,133,70,417.70453404
2023-11-06 09:00:00+00:00,417.1,417.4,416.1,416.2,208,138,416.66231489
2023-11-06 09:15:00+00:00,416.2,416.9,416.1,416.6,120,71,416.45574894
2023-11-06 09:30:00+00:00,416.8,416.8,416.0,416.7,74,43,416.44635957
2023-11-06 09:45:00+00:00,416.5,416.9,416.0,416.5,94,71,416.45574894
2023-11-06 10:00:00+00:00,416.3,417.2,416.3,417.1,55,44,416.77498723
2023-11-06 10:15:00+00:00,417.1,417.1,415.9,416.1,213,140,416.45574894
2023-11-06 10:30:00+00:00,415.9,416.0,415.0,415.4,241,126,415.28207872
2023-11-06 10:45:00+00:00,415.3,415.3,414.6,414.8,255,150,414.9440617
2023-11-06 11:00:00+00:00,414.8,414.8,414.4,414.4,117,84,414.58726596
2023-11-06 11:15:00+00:00,414.4,415.4,414.4,415.1,110,82,414.91589362
2023-11-06 11:30:00+00:00,415.2,415.2,414.9,415.0,51,39,415.09429149
2023-11-06 11:45:00+00:00,415.1,415.3,414.4,414.6,104,52,414.80322128
2023-11-06 12:00:00+00:00,414.4,415.0,414.4,414.8,68,42,414.54970851
2023-11-06 12:15:00+00:00,414.7,415.1,414.5,414.9,34,25,414.84077872
2023-11-06 12:30:00+00:00,415.1,415.5,414.6,414.7,97,66,415.05673404
2023-11-06 12:45:00+00:00,414.7,415.3,413.9,413.9,268,133,414.67177021
2023-11-06 13:00:00+00:00,413.8,414.8,413.8,414.4,176,106,414.19291277
2023-11-06 13:15:00+00:00,414.4,414.5,413.9,414.3,114,60,414.24924894
2023-11-06 13:30:00+00:00,414.3,414.4,413.2,413.4,137,70,413.66710851
2023-11-06 13:45:00+00:00,413.4,413.9,413.1,413.4,424,229,413.50748936
2023-11-06 14:00:00+00:00,413.5,413.5,412.2,412.6,633,325,412.65305745
2023-11-06 14:15:00+00:00,412.7,413.8,412.5,413.3,335,166,413.14130426
2023-11-06 14:30:00+00:00,413.3,414.7,413.2,414.2,275,151,413.92062128
2023-11-06 15:30:00+00:00,414.1,414.2,409.8,410.0,5230,2202,412.02397021
2023-11-06 15:45:00+00:00,410.1,410.3,407.5,407.7,2940,1160,408.54051702
2023-11-06 16:00:00+00:00,407.6,410.0,407.0,409.8,2011,861,408.28700426
2023-11-06 16:15:00+00:00,409.8,410.6,406.9,407.1,2238,960,408.49357021
2023-11-06 16:30:00+00:00,407.1,409.6,406.8,407.4,1959,852,408.08982766
2023-11-06 16:45:00+00:00,407.4,408.0,406.6,407.7,865,373,407.37623617
2023-11-06 17:00:00+00:00,407.5,408.0,406.7,407.3,911,393,407.30112128
2023-11-06 17:15:00+00:00,407.2,409.4,406.7,407.8,1336,559,408.01471277
2023-11-06 17:30:00+00:00,407.8,408.0,406.7,406.9,952,432,407.18844894
2023-11-06 17:45:00+00:00,406.9,407.6,406.7,407.4,668,275,407.10394468
2023-11-06 18:00:00+00:00,407.5,408.7,407.0,408.2,1012,395,407.91142979
2023-11-06 18:15:00+00:00,408.2,410.0,408.1,409.3,1045,445,409.19777234
2023-11-06 18:30:00+00:00,409.4,409.7,408.3,409.1,855,373,408.91609149
2023-11-06 18:45:00+00:00,409.1,410.0,408.7,409.7,977,332,409.15082553
2023-11-06 19:00:00+00:00,409.7,411.3,409.5,411.3,1499,558,410.32449574
2023-11-06 19:15:00+00:00,411.2,411.5,410.3,411.2,1412,467,410.95358298
2023-11-06 19:30:00+00:00,411.3,411.5,410.2,410.5,754,289,410.86907872
2023-11-06 19:45:00+00:00,410.5,411.1,410.3,410.6,875,366,410.66251277
2023-11-06 20:00:00+00:00,410.7,411.0,410.0,410.9,2620,907,410.55922979
2023-11-06 20:15:00+00:00,411.0,412.2,410.9,411.8,954,224,411.46999787
2023-11-07 02:00:00+00:00,411.7,412.8,411.1,412.8,402,242,412.01458085
2023-11-07 02:15:00+00:00,412.9,413.0,412.5,412.5,142,87,412.72817234
2023-11-07 02:30:00+00:00,412.5,412.8,412.2,412.2,52,34,412.47465957
2023-11-07 02:45:00+00:00,412.2,412.4,411.7,412.4,26,21,411.9770234
2023-11-07 03:00:00+00:00,412.5,412.5,411.8,412.0,24,17,412.06152766
2023-11-07 03:15:00+00:00,412.1,412.3,412.1,412.3,6,4,412.19297872
2023-11-07 03:30:00+00:00,412.3,412.9,412.1,412.8,52,30,412.54038511
2023-11-07 03:45:00+00:00,412.9,413.5,412.9,413.3,64,38,413.24458723
2023-11-07 04:00:00+00:00,413.4,413.6,413.0,413.0,29,22,413.38542766
2023-11-07 04:15:00+00:00,413.0,413.0,412.8,412.8,22,18,412.84084468
2023-11-07 04:30:00+00:00,412.8,412.8,412.2,412.3,13,10,412.6155
2023-11-07 04:45:00+00:00,412.2,412.2,412.0,412.0,14,11,412.08969574
2023-11-07 05:00:00+00:00,412.0,412.2,412.0,412.2,3,3,412.07091702
2023-11-07 05:15:00+00:00,412.3,412.3,412.3,412.3,5,5,412.28687234
2023-11-07 05:30:00+00:00,412.3,412.6,412.3,412.6,13,11,412.46527021
2023-11-07 05:45:00+00:00,412.8,412.9,412.5,412.8,15,10,412.6155
2023-11-07 06:00:00+00:00,412.8,412.8,412.6,412.6,8,7,412.71878298
2023-11-07 06:15:00+00:00,412.6,412.8,412.6,412.7,8,7,412.67183617
2023-11-07 06:30:00+00:00,412.5,412.9,412.2,412.8,123,51,412.38076596
2023-11-07 06:45:00+00:00,412.8,412.8,412.3,412.7,35,28,412.48404894
2023-11-07 07:00:00+00:00,412.8,412.8,412.0,412.3,28,20,412.39015532
2023-11-07 07:15:00+00:00,412.3,412.3,411.8,411.8,19,15,411.93946596
2023-11-07 07:30:00+00:00,411.7,411.7,410.9,411.0,98,53,411.18831702
2023-11-07 07:45:00+00:00,410.9,411.2,410.6,410.7,113,57,410.84091064
2023-11-07 08:00:00+00:00,410.6,410.9,410.2,410.6,74,41,410.55922979
2023-11-07 08:15:00+00:00,410.5,410.6,409.9,410.0,34,20,410.23060213
2023-11-07 08:30:00+00:00,409.9,410.4,409.9,410.3,28,20,410.31510638
2023-11-07 08:45:00+00:00,410.3,410.7,409.8,410.6,95,46,410.2869383
2023-11-07 09:00:00+00:00,410.7,411.9,410.6,411.7,130,76,411.24465319
2023-11-07 09:15:00+00:00,411.5,412.2,411.5,412.0,38,32,411.80801489
2023-11-07 09:30:00+00:00,411.9,412.7,411.9,412.7,112,57,412.38076596
2023-11-07 09:45:00+00:00,412.7,412.9,411.4,411.4,141,69,412.09908511
2023-11-07 10:00:00+00:00,411.4,411.6,411.2,411.6,38,34,411.39488298
2023-11-07 10:15:00+00:00,411.8,412.0,411.5,412.0,29,23,411.79862553
2023-11-07 10:30:00+00:00,412.0,412.3,410.7,411.0,220,113,411.44182979
2023-11-07 10:45:00+00:00,411.2,411.3,410.8,411.3,72,51,411.14137021
2023-11-07 11:00:00+00:00,411.2,411.6,411.0,411.5,65,46,411.34793617
2023-11-07 11:15:00+00:00,411.4,411.8,411.0,411.8,53,37,411.37610426
2023-11-07 11:30:00+00:00,411.7,412.0,411.4,411.4,113,62,411.77984681
2023-11-07 11:45:00+00:00,411.4,411.9,411.4,411.6,60,43,411.76106809
2023-11-07 12:00:00+00:00,411.6,411.8,411.1,411.1,81,46,411.58267021
2023-11-07 12:15:00+00:00,411.0,411.2,410.2,410.7,132,74,410.6531234
2023-11-07 12:30:00+00:00,410.7,411.0,410.2,410.5,103,50,410.68129149
2023-11-07 12:45:00+00:00,410.4,411.0,409.9,411.0,186,62,410.55922979
2023-11-07 13:00:00+00:00,411.0,411.6,410.7,411.2,148,74,411.08503404
2023-11-07 13:15:00+00:00,411.3,411.9,411.1,411.6,194,84,411.37610426
2023-11-07 13:30:00+00:00,411.6,412.4,411.3,412.0,118,67,411.8549617
2023-11-07 13:45:00+00:00,412.0,412.2,411.6,412.0,80,56,411.95824468
2023-11-07 14:00:00+00:00,412.1,414.4,411.9,414.4,459,248,413.19764043
2023-11-07 14:15:00+00:00,414.4,415.2,414.0,415.2,399,232,414.67177021
2023-11-07 14:30:00+00:00,415.1,415.2,413.9,413.9,528,276,414.61543404
2023-11-07 15:30:00+00:00,413.9,419.3,413.9,419.1,4711,2045,417.0285
2023-11-07 15:45:00+00:00,419.0,421.9,418.3,421.8,2709,1122,419.78897234
2023-11-07 16:00:00+00:00,421.8,423.0,420.8,422.5,2515,996,421.93913617
2023-11-07 16:15:00+00:00,422.5,425.9,422.5,425.2,4056,1474,424.64327234
2023-11-07 16:30:00+00:00,425.3,427.4,425.2,426.9,2848,1226,426.0986234
2023-11-07 16:45:00+00:00,426.9,428.1,426.7,427.7,2659,1120,427.39435532
2023-11-07 17:00:00+00:00,427.7,428.4,425.0,426.5,3328,1353,426.56809149
2023-11-07 17:15:00+00:00,426.7,427.3,424.3,424.6,1637,772,425.89205745
2023-11-07 17:30:00+00:00,424.7,426.5,424.7,425.7,1712,768,425.66671277
2023-11-07 17:45:00+00:00,425.7,426.4,423.7,424.2,1335,607,424.68082979
2023-11-07 18:00:00+00:00,424.2,426.8,424.0,426.5,1540,704,425.76060638
2023-11-07 18:15:00+00:00,426.5,426.7,423.0,423.2,1372,593,424.95312128
2023-11-07 18:30:00+00:00,423.3,423.6,422.0,422.1,1036,445,422.85929362
2023-11-07 18:45:00+00:00,422.0,422.5,420.4,420.4,1959,811,421.22554468
2023-11-07 19:00:00+00:00,420.4,421.0,418.4,420.9,1620,825,419.78897234
2023-11-07 19:15:00+00:00,420.9,421.3,419.0,419.5,1149,549,420.18332553
2023-11-07 19:30:00+00:00,419.3,420.1,418.4,418.9,1087,499,419.06599149
2023-11-07 19:45:00+00:00,419.0,421.1,418.8,421.1,1223,615,419.73263617
2023-11-07 20:00:00+00:00,421.1,421.2,419.3,420.5,3236,1347,420.08004255
2023-11-07 20:15:00+00:00,420.5,422.2,420.3,422.0,817,305,421.1222617
2023-11-08 02:00:00+00:00,421.3,424.4,421.0,424.1,454,234,422.61517021
2023-11-08 02:15:00+00:00,424.1,425.3,424.1,425.2,278,121,424.76533404
2023-11-08 02:30:00+00:00,425.1,425.6,424.9,425.3,241,89,425.18785532
2023-11-08 02:45:00+00:00,425.5,426.2,425.5,425.8,220,82,425.86388936
2023-11-08 03:00:00+00:00,425.7,425.9,425.0,425.8,92,63,425.39442128
2023-11-08 03:15:00+00:00,425.8,425.9,425.6,425.7,51,37,425.7324383
2023-11-08 03:30:00+00:00,425.6,425.7,424.9,425.7,81,55,425.35686383
2023-11-08 03:45:00+00:00,425.8,426.5,425.2,426.0,242,77,425.96717234
2023-11-08 04:00:00+00:00,425.9,426.2,425.6,426.0,29,23,425.88266809
2023-11-08 04:15:00+00:00,426.0,426.1,425.5,425.7,31,19,425.76999574
2023-11-08 04:30:00+00:00,425.8,426.1,425.2,425.2,51,34,425.71365957
2023-11-08 04:45:00+00:00,425.1,425.3,425.1,425.2,29,22,425.19724468
2023-11-08 05:00:00+00:00,425.2,425.4,425.2,425.4,9,9,425.31930638
2023-11-08 05:15:00+00:00,425.5,425.6,425.4,425.5,15,12,425.5352617
2023-11-08 05:30:00+00:00,425.5,425.6,425.3,425.5,22,15,425.46014681
2023-11-08 05:45:00+00:00,425.6,425.7,425.6,425.6,8,8,425.64793404
2023-11-08 06:00:00+00:00,425.7,425.9,425.6,425.8,19,15,425.77938511
2023-11-08 06:15:00+00:00,426.0,426.1,425.9,426.0,41,25,425.94839362
2023-11-08 06:30:00+00:00,425.8,425.8,424.9,425.2,108,74,425.28174894
2023-11-08 06:45:00+00:00,425.2,425.2,424.1,424.1,155,81,424.62449362
2023-11-08 07:00:00+00:00,424.2,425.6,423.8,425.6,169,79,424.22075106
2023-11-08 07:15:00+00:00,425.7,426.4,425.2,425.2,235,95,425.96717234
2023-11-08 07:30:00+00:00,425.2,425.2,424.7,425.0,42,24,424.94373191
2023-11-08 07:45:00+00:00,424.8,424.8,424.1,424.3,58,34,424.47426383
2023-11-08 08:00:00+00:00,424.3,424.5,424.0,424.2,84,38,424.27708723
2023-11-08 08:15:00+00:00,424.3,424.6,424.3,424.4,18,16,424.42731702
2023-11-08 08:30:00+00:00,424.5,425.2,424.2,424.8,150,59,424.73716596
2023-11-08 08:45:00+00:00,424.9,425.6,424.8,425.0,161,76,425.22541277
2023-11-08 09:00:00+00:00,424.9,425.0,424.4,424.6,115,70,424.66205106
2023-11-08 09:15:00+00:00,424.7,425.3,424.6,425.2,100,61,424.90617447
2023-11-08 09:30:00+00:00,425.2,426.0,425.1,425.6,132,78,425.54465106
2023-11-08 09:45:00+00:00,425.5,426.6,425.5,426.0,216,106,426.08923404
2023-11-08 10:00:00+00:00,425.9,426.9,425.9,426.7,170,104,426.6150383
2023-11-08 10:15:00+00:00,426.7,427.9,426.7,427.8,177,91,427.40374468
2023-11-08 10:30:00+00:00,427.7,428.3,426.8,428.3,277,126,427.4976383
2023-11-08 10:45:00+00:00,428.2,428.5,426.9,427.1,247,102,427.89199149
2023-11-08 11:00:00+00:00,427.1,427.3,426.4,427.1,152,77,426.94366596
2023-11-08 11:15:00+00:00,427.1,428.2,426.8,428.0,210,105,427.46947021
2023-11-08 11:30:00+00:00,428.1,428.2,427.7,428.0,61,50,427.9389383
2023-11-08 11:45:00+00:00,428.0,428.3,427.9,428.1,55,36,428.09855745
2023-11-08 12:00:00+00:00,428.1,428.2,427.7,428.2,152,84,427.89199149
2023-11-08 12:15:00+00:00,428.2,429.8,428.2,429.5,359,159,429.00932553
2023-11-08 12:30:00+00:00,429.3,431.0,429.2,430.5,592,273,430.27688936
2023-11-08 12:45:00+00:00,430.4,431.2,429.6,430.0,409,196,430.30505745
2023-11-08 13:00:00+00:00,430.1,432.5,429.7,430.7,674,295,431.29094043
2023-11-08 13:15:00+00:00,430.6,431.5,429.9,431.5,303,189,430.91536596
2023-11-08 13:30:00+00:00,431.6,433.3,431.4,432.7,702,315,432.5960617
2023-11-08 13:45:00+00:00,432.8,433.1,432.0,433.1,625,278,432.53033617
2023-11-08 14:00:00+00:00,433.0,433.5,432.4,432.5,447,241,432.96224681
2023-11-08 14:15:00+00:00,432.6,432.6,430.8,431.3,698,304,431.75101915
2023-11-08 14:30:00+00:00,431.4,431.9,431.0,431.3,312,164,431.44117021
2023-11-08 15:30:00+00:00,431.3,434.5,431.1,432.8,6097,2880,433.15003404
2023-11-08 15:45:00+00:00,432.8,433.3,431.8,432.7,2456,1078,432.38949574
2023-11-08 16:00:00+00:00,432.6,432.9,431.4,432.7,1791,871,432.23926596
2023-11-08 16:15:00+00:00,432.7,434.4,432.2,434.0,1544,740,433.14064468
2023-11-08 16:30:00+00:00,434.1,435.9,433.7,434.9,2460,1105,434.82134043
2023-11-08 16:45:00+00:00,434.8,435.7,432.3,433.3,2051,869,433.98568723
2023-11-08 17:00:00+00:00,433.3,434.4,432.1,432.2,988,516,433.53499787
2023-11-08 17:15:00+00:00,432.1,434.5,432.1,434.4,968,532,433.44110426
2023-11-08 17:30:00+00:00,434.4,435.2,433.0,433.4,1322,617,434.22981064
2023-11-08 17:45:00+00:00,433.3,433.6,431.7,431.8,1338,537,432.77445957
2023-11-08 18:00:00+00:00,431.9,432.1,429.8,430.1,2396,1016,430.86841915
2023-11-08 18:15:00+00:00,430.1,430.6,428.3,428.4,1704,763,429.39428936
2023-11-08 18:30:00+00:00,428.3,428.6,425.5,425.7,1982,792,427.07511702
2023-11-08 18:45:00+00:00,425.7,426.7,424.9,425.6,2241,815,425.68549149
2023-11-08 19:00:00+00:00,425.7,426.4,425.1,426.1,1145,505,425.74182766
2023-11-08 19:15:00+00:00,426.1,426.6,423.6,423.6,1619,577,425.00006809
2023-11-08 19:30:00+00:00,423.6,424.5,422.6,422.8,1596,644,423.62922128
2023-11-08 19:45:00+00:00,422.8,423.0,420.6,421.2,1949,755,421.8828
2023-11-08 20:00:00+00:00,421.2,422.7,420.8,422.3,2640,1114,421.95791489
2023-11-08 20:15:00+00:00,422.3,423.5,422.1,423.3,835,236,422.87807234
2023-11-09 02:00:00+00:00,423.3,423.5,422.1,423.0,286,172,422.82173617
2023-11-09 02:15:00+00:00,423.0,423.0,422.7,423.0,63,49,422.86868298
2023-11-09 02:30:00+00:00,423.1,423.5,422.9,423.2,66,51,423.14097447
2023-11-09 02:45:00+00:00,423.1,423.4,422.7,422.7,55,42,423.15036383
2023-11-09 03:00:00+00:00,422.6,422.6,421.2,421.5,283,95,421.84524255
2023-11-09 03:15:00+00:00,421.5,421.7,420.9,421.7,60,44,421.21615532
2023-11-09 03:30:00+00:00,421.6,421.7,421.5,421.7,54,27,421.61050851
2023-11-09 03:45:00+00:00,421.7,422.0,421.5,421.5,60,40,421.66684468
2023-11-09 04:00:00+00:00,421.5,422.2,421.3,422.2,73,49,421.77012766
2023-11-09 04:15:00+00:00,422.2,422.2,422.0,422.0,49,34,422.08936596
2023-11-09 04:30:00+00:00,422.0,422.3,421.8,422.1,134,75,422.13631277
2023-11-09 04:45:00+00:00,422.1,422.1,421.9,422.0,20,16,421.95791489
2023-11-09 05:00:00+00:00,422.0,422.0,421.6,421.6,19,15,421.72318085
2023-11-09 05:15:00+00:00,421.6,421.6,421.3,421.3,29,23,421.46027872
2023-11-09 05:30:00+00:00,421.3,421.5,421.2,421.4,19,15,421.36638511
2023-11-09 05:45:00+00:00,421.4,421.4,421.1,421.1,24,19,421.22554468
2023-11-09 06:00:00+00:00,421.1,421.6,421.0,421.6,47,34,421.31004894
2023-11-09 06:15:00+00:00,421.7,421.7,421.4,421.5,19,18,421.49783617
2023-11-09 06:30:00+00:00,421.5,422.4,421.5,422.4,162,84,422.16448085
2023-11-09 06:45:00+00:00,422.4,422.4,422.1,422.1,37,29,422.27715319
2023-11-09 07:00:00+00:00,422.1,422.1,421.8,422.0,40,31,421.91096809
2023-11-09 07:15:00+00:00,422.0,422.3,421.8,422.1,42,32,422.05180851
2023-11-09 07:30:00+00:00,422.2,422.8,422.1,422.7,74,48,422.62455957
2023-11-09 07:45:00+00:00,422.7,424.0,422.7,423.8,279,151,423.36631915
2023-11-09 08:00:00+00:00,423.8,423.8,423.3,423.3,64,46,423.54471702
2023-11-09 08:15:00+00:00,423.3,423.8,423.3,423.6,62,42,423.65738936
2023-11-09 08:30:00+00:00,423.5,423.6,423.2,423.4,54,30,423.35692979
2023-11-09 08:45:00+00:00,423.3,423.3,422.4,422.5,113,73,422.7654
2023-11-09 09:00:00+00:00,422.4,422.8,421.8,421.8,83,61,422.36165745
2023-11-09 09:15:00+00:00,421.8,421.9,421.1,421.3,89,61,421.47905745
2023-11-09 09:30:00+00:00,421.4,422.0,421.2,421.8,57,39,421.61989787
2023-11-09 09:45:00+00:00,421.9,422.2,421.8,421.8,69,40,421.93913617
2023-11-09 10:00:00+00:00,421.8,422.9,421.8,422.6,76,46,422.48371915
2023-11-09 10:15:00+00:00,422.7,423.5,422.6,422.8,181,117,423.03769149
2023-11-09 10:30:00+00:00,422.6,422.7,421.8,421.9,90,72,422.28654255
2023-11-09 10:45:00+00:00,422.0,422.0,421.0,421.1,141,90,421.46966809
2023-11-09 11:00:00+00:00,421.1,421.7,421.0,421.7,87,60,421.41333191
2023-11-09 11:15:00+00:00,421.8,422.9,421.8,422.6,67,50,422.46494043
2023-11-09 11:30:00+00:00,422.7,422.8,421.9,422.7,79,51,422.4461617
2023-11-09 11:45:00+00:00,422.7,422.8,422.0,422.6,131,76,422.29593191
2023-11-09 12:00:00+00:00,422.6,422.6,421.7,421.7,104,64,422.26776383
2023-11-09 12:15:00+00:00,421.7,421.7,420.0,420.3,344,162,420.66218298
2023-11-09 12:30:00+00:00,420.1,421.2,420.0,420.9,198,94,420.38989149
2023-11-09 12:45:00+00:00,421.0,421.1,420.8,420.8,33,22,420.92508511
2023-11-09 13:00:00+00:00,420.8,421.2,420.3,420.5,95,56,420.84058085
2023-11-09 13:15:00+00:00,420.5,420.8,420.5,420.6,129,76,420.69035106
2023-11-09 13:30:00+00:00,420.7,422.1,420.7,422.1,214,147,421.49783617
2023-11-09 13:45:00+00:00,421.8,423.3,421.8,423.2,256,112,422.39921489
2023-11-09 14:00:00+00:00,423.3,423.3,421.3,421.4,99,64,422.25837447
2023-11-09 14:15:00+00:00,421.2,421.4,419.0,419.6,613,290,420.05187447
2023-11-09 14:30:00+00:00,419.5,420.0,418.3,419.0,874,379,419.0378234
2023-11-09 15:30:00+00:00,419.7,424.6,417.1,422.6,5839,2650,420.61523617
2023-11-09 15:45:00+00:00,422.7,425.4,421.8,422.1,3077,1436,423.85456596
2023-11-09 16:00:00+00:00,422.1,422.2,419.8,420.1,1514,723,421.06592553
2023-11-09 16:15:00+00:00,420.1,421.0,418.3,418.8,1102,557,419.75141489
2023-11-09 16:30:00+00:00,418.6,420.7,418.2,420.0,1707,695,419.46034468
2023-11-09 16:45:00+00:00,420.0,421.7,419.4,421.1,789,392,420.64340426
2023-11-09 17:00:00+00:00,421.1,422.4,420.9,421.5,1036,475,421.71379149
2023-11-09 17:15:00+00:00,421.4,422.6,420.7,420.7,619,306,421.78890638
2023-11-09 17:30:00+00:00,420.7,421.6,419.6,421.6,978,405,420.21149362
2023-11-09 17:45:00+00:00,421.5,422.1,421.2,422.1,981,454,421.7607383
2023-11-09 18:00:00+00:00,421.6,421.9,415.9,421.1,4361,1635,418.41812553
2023-11-09 18:15:00+00:00,421.0,423.8,420.1,423.7,2286,1012,422.27715319
2023-11-09 18:30:00+00:00,423.6,424.0,420.8,420.9,1902,921,422.60578085
2023-11-09 18:45:00+00:00,420.9,421.2,420.3,420.6,729,389,420.71851915
2023-11-09 19:00:00+00:00,420.5,421.0,419.5,420.5,816,421,420.05187447
2023-11-09 19:15:00+00:00,420.5,423.3,420.0,422.5,1392,585,422.2020383
2023-11-09 19:30:00+00:00,422.4,423.6,422.1,422.4,1095,505,422.93440851
2023-11-09 19:45:00+00:00,422.5,423.3,421.5,421.5,1183,544,422.26776383
2023-11-09 20:00:00+00:00,421.6,423.8,421.6,422.6,2952,1344,422.70906383
2023-11-09 20:15:00+00:00,422.5,424.1,422.4,424.1,876,243,423.27242553
2023-11-10 02:00:00+00:00,423.0,423.6,420.7,423.4,516,306,422.10814468
2023-11-10 02:15:00+00:00,423.3,423.3,422.4,422.5,76,55,422.84051489
2023-11-10 02:30:00+00:00,422.7,422.8,422.3,422.7,32,25,422.58700213
2023-11-10 02:45:00+00:00,422.5,422.7,422.3,422.6,43,25,422.5212766
2023-11-10 03:00:00+00:00,422.6,422.7,422.0,422.0,41,34,422.38982553
2023-11-10 03:15:00+00:00,422.1,422.1,421.7,421.8,11,9,421.84524255
2023-11-10 03:30:00+00:00,421.7,421.7,421.0,421.1,31,29,421.30065957
2023-11-10 03:45:00+00:00,421.0,421.0,420.4,420.6,99,57,420.65279362
2023-11-10 04:00:00+00:00,420.7,421.2,420.5,420.5,50,36,420.81241277
2023-11-10 04:15:00+00:00,420.5,420.9,420.5,420.9,9,9,420.79363404
2023-11-10 04:30:00+00:00,421.0,421.0,420.3,420.4,34,24,420.48378511
2023-11-10 04:45:00+00:00,420.3,420.4,420.2,420.2,39,28,420.22088298
2023-11-10 05:00:00+00:00,420.2,420.4,420.1,420.4,40,23,420.16454681
2023-11-10 05:15:00+00:00,420.4,420.4,420.2,420.2,11,11,420.28660851
2023-11-10 05:30:00+00:00,420.2,420.3,420.1,420.3,20,16,420.16454681
2023-11-10 05:45:00+00:00,420.2,420.5,420.2,420.2,44,21,420.27721915
2023-11-10 06:00:00+00:00,420.2,420.3,420.2,420.2,14,14,420.22088298
2023-11-10 06:15:00+00:00,420.2,420.4,420.2,420.3,19,12,420.29599787
2023-11-10 06:30:00+00:00,420.3,420.9,420.2,420.4,128,67,420.65279362
2023-11-10 06:45:00+00:00,420.5,421.1,420.5,421.0,28,22,420.85935957
2023-11-10 07:00:00+00:00,420.7,420.8,420.5,420.8,29,23,420.6809617
2023-11-10 07:15:00+00:00,420.9,421.5,420.8,421.3,62,43,421.15042979
2023-11-10 07:30:00+00:00,421.3,421.7,421.2,421.6,101,44,421.52600426
2023-11-10 07:45:00+00:00,421.6,422.1,421.6,421.9,172,83,421.80768511
2023-11-10 08:00:00+00:00,422.0,422.1,421.5,421.5,46,24,421.69501277
2023-11-10 08:15:00+00:00,421.4,421.5,420.8,420.8,75,32,421.14104043
2023-11-10 08:30:00+00:00,420.9,421.1,420.9,421.1,14,13,421.00958936
2023-11-10 08:45:00+00:00,421.3,421.4,420.8,421.0,28,24,421.09409362
2023-11-10 09:00:00+00:00,420.9,420.9,420.2,420.5,45,34,420.54012128
2023-11-10 09:15:00+00:00,420.5,420.9,420.5,420.6,85,42,420.71851915
2023-11-10 09:30:00+00:00,420.7,420.8,420.1,420.5,260,133,420.15515745
2023-11-10 09:45:00+00:00,420.5,420.5,420.1,420.3,88,55,420.32416596
2023-11-10 10:00:00+00:00,420.2,420.8,420.2,420.6,48,34,420.38050213
2023-11-10 10:15:00+00:00,420.7,421.4,420.5,421.3,36,27,421.02836809
2023-11-10 10:30:00+00:00,421.3,421.3,420.8,421.3,83,35,421.08470426
2023-11-10 10:45:00+00:00,421.3,422.1,421.3,421.9,290,112,421.78890638
2023-11-10 11:00:00+00:00,421.8,422.1,421.0,421.3,114,43,421.40394255
2023-11-10 11:15:00+00:00,421.3,421.7,421.1,421.6,61,34,421.41333191
2023-11-10 11:30:00+00:00,421.7,422.0,421.6,421.8,35,20,421.7607383
2023-11-10 11:45:00+00:00,421.7,421.7,420.5,420.7,134,63,421.0002
2023-11-10 12:00:00+00:00,420.7,420.7,419.8,419.9,153,86,420.32416596
2023-11-10 12:15:00+00:00,419.9,420.0,419.3,420.0,201,115,419.6763
2023-11-10 12:30:00+00:00,419.8,419.8,419.0,419.1,132,83,419.18805319
2023-11-10 12:45:00+00:00,419.1,419.1,418.5,418.8,312,128,418.78431064
2023-11-10 13:00:00+00:00,418.7,418.9,418.2,418.7,129,80,418.48385106
2023-11-10 13:15:00+00:00,418.9,419.3,418.8,419.2,88,67,419.06599149
2023-11-10 13:30:00+00:00,419.2,420.4,418.9,420.4,165,94,419.46973404
2023-11-10 13:45:00+00:00,420.4,420.9,420.1,420.7,155,80,420.44622766
2023-11-10 14:00:00+00:00,420.8,422.6,420.8,421.7,379,177,421.61989787
2023-11-10 14:15:00+00:00,421.8,421.8,420.6,421.0,221,156,421.07531489
2023-11-10 14:30:00+00:00,420.9,421.2,419.9,419.9,297,139,420.65279362
2023-11-10 15:30:00+00:00,420.2,422.4,417.8,421.6,3138,1482,420.69974043
2023-11-10 15:45:00+00:00,421.5,421.9,420.2,420.8,1871,795,421.15981915
2023-11-10 16:00:00+00:00,420.7,421.3,419.4,419.7,633,342,420.16454681
2023-11-10 16:15:00+00:00,419.6,421.4,419.2,421.2,1078,476,420.50256383
2023-11-10 16:30:00+00:00,421.3,421.6,420.5,420.9,930,493,421.11287234
2023-11-10 16:45:00+00:00,420.8,421.0,420.1,420.5,710,322,420.42744894
2023-11-10 17:00:00+00:00,420.5,420.6,419.6,420.1,684,287,420.03309574
2023-11-10 17:15:00+00:00,420.0,421.3,419.5,421.2,639,310,420.40867021
2023-11-10 17:30:00+00:00,421.1,421.3,420.5,420.6,613,260,420.78424468
2023-11-10 17:45:00+00:00,420.6,422.2,420.3,422.2,471,252,421.34760638
2023-11-10 18:00:00+00:00,422.2,423.1,420.1,420.2,1119,499,421.94852553
2023-11-10 18:15:00+00:00,420.1,421.0,419.6,420.2,605,283,420.28660851
2023-11-10 18:30:00+00:00,420.3,421.3,419.8,421.2,378,224,420.44622766
2023-11-10 18:45:00+00:00,421.1,422.6,421.0,422.0,881,423,421.95791489
2023-11-10 19:00:00+00:00,422.0,422.1,419.5,419.8,879,461,420.52134255
2023-11-10 19:15:00+00:00,419.7,420.9,419.6,420.8,420,218,420.23027234
2023-11-10 19:30:00+00:00,420.8,423.6,420.7,423.3,773,384,421.91096809
2023-11-10 19:45:00+00:00,423.2,423.4,422.1,422.8,887,370,422.75601064
2023-11-10 20:00:00+00:00,422.8,423.5,421.7,422.0,2934,1203,422.41799362
2023-11-10 20:15:00+00:00,422.0,422.1,420.5,421.0,485,179,421.47905745
2023-11-13 02:00:00+00:00,422.5,424.0,421.3,423.2,722,384,422.50249787
2023-11-13 02:15:00+00:00,423.1,423.3,422.1,423.1,150,73,422.66211702
2023-11-13 02:30:00+00:00,422.7,423.4,422.7,423.2,51,46,422.97196596
2023-11-13 02:45:00+00:00,423.2,423.3,422.4,422.6,74,51,422.85929362
2023-11-13 03:00:00+00:00,422.5,422.6,422.3,422.3,26,19,422.49310851
2023-11-13 03:15:00+00:00,422.2,422.3,422.2,422.3,5,5,422.31471064
2023-11-13 03:30:00+00:00,422.1,422.6,422.0,422.5,36,22,422.38043617
2023-11-13 03:45:00+00:00,422.5,422.9,422.5,422.6,56,30,422.71845319
2023-11-13 04:00:00+00:00,422.4,422.9,422.4,422.9,37,24,422.63394894
2023-11-13 04:15:00+00:00,422.9,423.3,422.9,423.3,15,14,423.00013404
2023-11-13 04:30:00+00:00,423.3,423.5,423.2,423.5,15,13,423.34754043
2023-11-13 04:45:00+00:00,423.5,423.6,423.5,423.6,12,10,423.53532766
2023-11-13 05:00:00+00:00,423.6,423.7,423.6,423.7,8,7,423.648
2023-11-13 05:15:00+00:00,423.8,423.9,423.8,423.9,15,10,423.90151277
2023-11-13 05:30:00+00:00,423.7,423.9,423.7,423.7,15,14,423.79822979
2023-11-13 05:45:00+00:00,423.8,423.9,423.7,423.8,12,11,423.81700851
2023-11-13 06:00:00+00:00,423.9,423.9,423.6,423.6,106,34,423.91090213
2023-11-13 06:15:00+00:00,423.7,423.8,423.6,423.6,23,20,423.70433617
2023-11-13 06:30:00+00:00,423.6,424.0,423.6,423.8,78,53,423.86395532
2023-11-13 06:45:00+00:00,423.8,425.3,423.8,424.0,271,124,424.5306
2023-11-13 07:00:00+00:00,424.0,424.1,423.8,424.0,37,30,424.00479574
2023-11-13 07:15:00+00:00,424.1,424.3,423.7,423.8,56,23,424.0893
2023-11-13 07:30:00+00:00,423.9,424.2,423.8,424.1,35,30,424.03296383
2023-11-13 07:45:00+00:00,424.1,424.4,423.9,424.0,42,33,424.2113617
2023-11-13 08:00:00+00:00,423.9,424.2,423.9,424.2,25,19,424.10807872
2023-11-13 08:15:00+00:00,424.1,424.3,424.0,424.1,26,25,424.12685745
2023-11-13 08:30:00+00:00,424.0,424.2,423.8,424.0,32,27,424.01418511
2023-11-13 08:45:00+00:00,424.2,425.3,424.2,425.1,69,47,424.90617447
2023-11-13 09:00:00+00:00,425.2,425.7,424.9,425.2,231,110,425.30991702
2023-11-13 09:15:00+00:00,425.1,425.2,424.8,425.1,62,41,424.95312128
2023-11-13 09:30:00+00:00,425.1,425.8,425.1,425.5,55,38,425.48831489
2023-11-13 09:45:00+00:00,425.5,426.1,425.5,425.5,49,34,425.81694255
2023-11-13 10:00:00+00:00,425.6,426.0,425.3,425.8,80,48,425.64793404
2023-11-13 10:15:00+00:00,425.9,427.1,425.9,426.8,196,90,426.32396809
2023-11-13 10:30:00+00:00,426.8,428.1,426.4,427.5,226,139,427.27229362
2023-11-13 10:45:00+00:00,427.5,427.6,426.5,426.5,221,108,427.11267447
2023-11-13 11:00:00+00:00,426.5,426.6,425.5,426.5,163,95,426.08923404
2023-11-13 11:15:00+00:00,426.3,426.3,425.9,426.0,50,37,426.08923404
2023-11-13 11:30:00+00:00,426.1,426.9,426.0,426.7,86,50,426.4929766
2023-11-13 11:45:00+00:00,426.7,427.8,426.7,426.9,163,112,427.32862979
2023-11-13 12:00:00+00:00,426.9,426.9,426.5,426.7,68,42,426.66198511
2023-11-13 12:15:00+00:00,426.7,426.9,426.4,426.7,54,38,426.72771064
2023-11-13 12:30:00+00:00,426.7,427.1,426.3,426.9,59,41,426.71832128
2023-11-13 12:45:00+00:00,426.8,427.4,426.8,427.1,82,52,427.03755957
2023-11-13 13:00:00+00:00,427.0,427.3,426.7,427.0,80,66,426.96244468
2023-11-13 13:15:00+00:00,427.0,428.1,426.9,427.4,83,59,427.54458511
2023-11-13 13:30:00+00:00,427.1,427.3,426.7,426.9,24,22,427.02817021
2023-11-13 13:45:00+00:00,426.9,427.1,426.5,426.5,132,54,426.83099362
2023-11-13 14:00:00+00:00,426.6,428.0,426.4,427.9,76,62,427.1784
2023-11-13 14:15:00+00:00,427.8,429.3,427.3,428.9,318,193,428.53046809
2023-11-13 14:30:00+00:00,428.9,429.1,427.5,427.9,277,146,428.38962766
2023-11-13 15:30:00+00:00,428.2,433.6,427.9,433.2,4109,1902,430.99987021
2023-11-13 15:45:00+00:00,433.3,435.5,432.8,434.6,2049,954,433.89179362
2023-11-13 16:00:00+00:00,434.8,437.7,434.7,437.4,2134,872,436.52081489
2023-11-13 16:15:00+00:00,437.5,438.0,436.5,437.9,1259,661,437.24379574
2023-11-13 16:30:00+00:00,437.8,439.4,437.5,439.2,1734,710,438.73670426
2023-11-13 16:45:00+00:00,439.3,440.2,438.5,438.8,1416,652,439.37518085
2023-11-13 17:00:00+00:00,438.8,441.3,438.7,440.4,1445,644,440.1732766
2023-11-13 17:15:00+00:00,440.5,443.1,440.0,442.2,1795,654,441.32816809
2023-11-13 17:30:00+00:00,442.2,443.9,442.1,443.8,1132,552,442.7459617
2023-11-13 17:45:00+00:00,443.8,445.4,443.8,445.2,2034,692,444.71772766
2023-11-13 18:00:00+00:00,445.1,445.4,445.1,445.4,205,46,445.40315106
2023-11-13 18:15:00+00:00,445.4,445.4,445.4,445.4,182,10,445.43131915
2023-11-13 18:30:00+00:00,445.4,445.4,445.4,445.4,114,13,445.43131915
2023-11-13 18:45:00+00:00,445.4,445.4,444.2,445.1,1919,922,445.17780638
2023-11-13 19:00:00+00:00,445.1,445.4,444.6,445.4,852,417,445.25292128
2023-11-13 19:15:00+00:00,445.3,445.3,444.6,444.9,554,227,444.87734681
2023-11-13 19:30:00+00:00,445.0,445.2,444.1,445.1,780,324,444.68017021
2023-11-13 19:45:00+00:00,445.1,445.1,441.9,442.1,1381,537,443.87268511
2023-11-13 20:00:00+00:00,442.1,443.0,440.1,440.3,5024,1663,440.96198298
2023-11-13 20:15:00+00:00,440.3,441.6,439.6,441.3,948,441,440.25778085
2023-11-14 02:00:00+00:00,453.8,455.2,452.6,452.8,385,239,454.16
2023-11-14 02:15:00+00:00,452.8,452.8,450.5,451.5,431,229,451.63
2023-11-14 02:30:00+00:00,451.6,451.8,450.9,451.6,91,59,451.38
2023-11-14 02:45:00+00:00,451.6,451.6,450.3,451.0,230,96,450.81
2023-11-14 03:00:00+00:00,451.0,451.2,450.4,450.8,48,20,450.9
2023-11-14 03:15:00+00:00,450.7,451.0,450.1,451.0,123,66,450.41
2023-11-14 03:30:00+00:00,451.0,452.4,451.0,452.3,74,37,451.9
2023-11-14 03:45:00+00:00,452.3,452.8,452.2,452.2,34,24,452.53
2023-11-14 04:00:00+00:00,452.1,452.2,452.0,452.1,64,37,452.11
2023-11-14 04:15:00+00:00,452.1,452.2,452.1,452.2,40,19,452.13
2023-11-14 04:30:00+00:00,452.2,452.5,452.2,452.4,10,8,452.33
2023-11-14 04:45:00+00:00,452.2,452.2,452.1,452.1,9,5,452.18
2023-11-14 05:00:00+00:00,452.1,452.1,452.1,452.1,30,14,452.1
2023-11-14 05:15:00+00:00,452.0,452.0,452.0,452.0,2,2,452.0
2023-11-14 05:30:00+00:00,451.9,451.9,451.8,451.8,5,4,451.88
2023-11-14 05:45:00+00:00,451.7,451.7,451.4,451.4,8,7,451.53
2023-11-14 06:00:00+00:00,451.3,451.3,450.7,450.8,91,32,450.94
2023-11-14 06:15:00+00:00,450.7,450.9,450.4,450.9,53,24,450.66
2023-11-14 06:30:00+00:00,450.9,451.5,450.6,450.7,110,54,451.07
2023-11-14 06:45:00+00:00,450.5,450.7,450.4,450.7,49,17,450.51
2023-11-14 07:00:00+00:00,450.7,451.0,450.6,450.9,47,24,450.81
2023-11-14 07:15:00+00:00,450.9,451.2,450.2,450.2,188,70,450.83
2023-11-14 07:30:00+00:00,450.1,450.4,449.7,449.7,213,68,450.01
2023-11-14 07:45:00+00:00,449.7,450.2,449.5,449.6,166,44,449.9
2023-11-14 08:00:00+00:00,449.7,450.1,449.7,449.9,19,15,449.88
2023-11-14 08:15:00+00:00,449.9,450.1,449.3,449.3,60,30,449.63
2023-11-14 08:30:00+00:00,449.3,449.3,448.5,448.7,89,60,448.82
2023-11-14 08:45:00+00:00,448.7,449.3,448.6,449.3,78,52,448.91
2023-11-14 09:00:00+00:00,449.2,449.3,448.6,448.6,199,118,448.87
2023-11-14 09:15:00+00:00,448.6,449.0,448.3,448.6,87,67,448.68
2023-11-14 09:30:00+00:00,448.7,449.1,448.2,448.7,150,76,448.71
2023-11-14 09:45:00+00:00,448.6,449.5,448.5,448.9,59,40,448.92
2023-11-14 10:00:00+00:00,449.1,449.6,449.0,449.6,76,54,449.32
2023-11-14 10:15:00+00:00,449.4,449.7,449.0,449.0,49,32,449.38
2023-11-14 10:30:00+00:00,449.0,449.1,448.9,448.9,43,31,448.97
2023-11-14 10:45:00+00:00,448.9,449.1,448.6,448.7,93,62,448.93
2023-11-14 11:00:00+00:00,448.7,448.7,447.5,447.6,132,68,448.0
2023-11-14 11:15:00+00:00,447.7,448.1,447.3,448.0,130,87,447.65
2023-11-14 11:30:00+00:00,448.0,448.1,447.4,447.7,115,42,447.8
2023-11-14 11:45:00+00:00,447.8,448.3,447.1,447.4,157,51,447.76
2023-11-14 12:00:00+00:00,447.4,447.6,446.7,446.7,100,52,447.11
2023-11-14 12:15:00+00:00,446.7,447.1,446.4,446.4,179,52,446.82
2023-11-14 12:30:00+00:00,446.4,447.0,446.2,446.5,218,121,446.55
2023-11-14 12:45:00+00:00,446.5,447.4,446.3,447.2,73,44,446.84
2023-11-14 13:00:00+00:00,447.3,447.3,446.4,447.0,180,87,446.99
2023-11-14 13:15:00+00:00,447.1,447.5,447.0,447.3,108,60,447.19
2023-11-14 13:30:00+00:00,447.1,447.3,446.7,447.2,75,50,447.08
2023-11-14 13:45:00+00:00,447.2,447.9,447.1,447.9,124,91,447.47
2023-11-14 14:00:00+00:00,448.0,448.7,446.6,447.1,302,159,447.99
2023-11-14 14:15:00+00:00,447.0,449.5,446.9,449.0,590,272,448.17
2023-11-14 14:30:00+00:00,449.0,451.4,449.0,450.8,723,373,450.16
2023-11-14 15:30:00+00:00,450.2,452.6,444.6,444.9,3495,1695,448.55
2023-11-14 15:45:00+00:00,444.8,445.0,440.5,443.5,4810,1856,442.41
2023-11-14 16:00:00+00:00,443.5,445.7,442.9,444.8,1494,715,444.54
2023-11-14 16:15:00+00:00,445.0,445.4,442.6,442.8,1094,424,444.2
2023-11-14 16:30:00+00:00,442.7,444.7,442.1,444.2,1352,497,443.06
2023-11-14 16:45:00+00:00,444.3,445.2,443.3,445.2,868,358,444.12
2023-11-14 17:00:00+00:00,445.1,446.1,444.3,445.3,659,309,445.25
2023-11-14 17:15:00+00:00,445.2,446.0,444.5,445.4,501,227,445.1
2023-11-14 17:30:00+00:00,445.5,448.6,445.5,447.3,1291,538,447.41
2023-11-14 17:45:00+00:00,447.4,448.8,447.1,448.8,734,393,447.91
2023-11-14 18:00:00+00:00,448.8,451.3,448.4,451.2,1765,652,450.15
2023-11-14 18:15:00+00:00,451.1,453.9,451.1,453.8,743,403,452.71
2023-11-14 18:30:00+00:00,453.9,456.6,453.5,455.0,1454,622,454.86
2023-11-14 18:45:00+00:00,455.0,455.3,453.5,454.2,788,389,454.39
2023-11-14 19:00:00+00:00,454.3,455.7,453.6,453.8,907,433,454.76
2023-11-14 19:15:00+00:00,453.7,454.9,453.0,454.9,1021,379,453.97
2023-11-14 19:30:00+00:00,454.9,455.4,454.2,454.7,660,285,454.85
2023-11-14 19:45:00+00:00,454.7,456.4,454.5,456.4,951,415,455.53
2023-11-14 20:00:00+00:00,456.3,456.3,454.5,455.8,1639,738,455.47
2023-11-14 20:15:00+00:00,455.8,457.0,455.7,456.6,356,157,456.52
2023-11-15 02:00:00+00:00,455.6,456.0,454.9,456.0,380,201,455.51
2023-11-15 02:15:00+00:00,456.0,456.4,454.8,454.9,92,70,455.68
2023-11-15 02:30:00+00:00,454.9,455.1,453.8,454.6,103,61,454.36
2023-11-15 02:45:00+00:00,454.6,455.0,454.6,454.8,20,20,454.81
2023-11-15 03:00:00+00:00,454.9,455.1,454.6,454.6,37,27,454.81
2023-11-15 03:15:00+00:00,454.7,454.9,454.2,454.2,22,14,454.56
2023-11-15 03:30:00+00:00,454.2,454.2,454.0,454.0,46,29,454.07
2023-11-15 03:45:00+00:00,454.1,454.8,454.1,454.7,42,22,454.39
2023-11-15 04:00:00+00:00,454.6,454.9,454.4,454.6,17,15,454.63
2023-11-15 04:15:00+00:00,454.7,454.8,454.2,454.3,30,22,454.43
2023-11-15 04:30:00+00:00,454.3,454.5,454.3,454.3,28,10,454.38
2023-11-15 04:45:00+00:00,454.4,454.4,454.3,454.3,10,6,454.34
2023-11-15 05:00:00+00:00,454.1,454.1,454.0,454.0,4,4,454.03
2023-11-15 05:15:00+00:00,454.0,454.1,454.0,454.1,8,4,454.09
2023-11-15 05:30:00+00:00,453.9,453.9,453.9,453.9,4,4,453.9
2023-11-15 05:45:00+00:00,453.9,454.0,453.9,454.0,2,2,453.95
2023-11-15 06:00:00+00:00,454.1,454.5,453.9,454.3,64,33,454.27
2023-11-15 06:15:00+00:00,454.3,454.4,454.1,454.1,25,15,454.24
2023-11-15 06:30:00+00:00,454.1,454.4,454.0,454.3,13,13,454.21
2023-11-15 06:45:00+00:00,454.3,454.6,454.3,454.5,35,21,454.53
2023-11-15 07:00:00+00:00,454.4,454.4,454.0,454.3,20,14,454.28
2023-11-15 07:15:00+00:00,454.2,454.8,454.2,454.8,8,6,454.61
2023-11-15 07:30:00+00:00,454.7,455.0,454.7,454.7,21,14,454.8
2023-11-15 07:45:00+00:00,454.8,455.0,454.5,454.9,83,27,454.73
2023-11-15 08:00:00+00:00,454.8,455.1,454.8,455.0,13,12,455.02
2023-11-15 08:15:00+00:00,455.0,455.3,455.0,455.3,28,9,455.22
2023-11-15 08:30:00+00:00,455.5,456.6,455.4,456.6,142,57,455.96
2023-11-15 08:45:00+00:00,456.7,457.4,456.7,457.4,67,44,457.14
2023-11-15 09:00:00+00:00,457.3,457.4,457.0,457.4,42,30,457.31
2023-11-15 09:15:00+00:00,457.4,458.3,457.4,458.0,83,41,457.83
2023-11-15 09:30:00+00:00,458.2,458.5,457.6,457.9,116,61,458.13
2023-11-15 09:45:00+00:00,457.9,458.1,457.6,458.1,28,19,457.88
2023-11-15 10:00:00+00:00,458.0,459.2,458.0,458.4,141,72,458.62
2023-11-15 10:15:00+00:00,458.4,459.1,458.3,458.8,94,45,458.67
2023-11-15 10:30:00+00:00,459.0,459.3,458.6,458.7,66,39,458.97
2023-11-15 10:45:00+00:00,458.8,459.4,458.7,459.4,103,76,458.89
2023-11-15 11:00:00+00:00,459.3,459.8,458.9,459.7,72,51,459.42
2023-11-15 11:15:00+00:00,459.7,459.8,459.0,459.6,116,55,459.4
2023-11-15 11:30:00+00:00,459.7,460.2,459.5,459.7,429,170,459.97
2023-11-15 11:45:00+00:00,459.8,460.6,459.8,460.3,127,66,460.4
2023-11-15 12:00:00+00:00,460.2,460.2,459.5,460.2,174,84,459.79
2023-11-15 12:15:00+00:00,459.9,460.6,459.9,460.0,65,39,460.28
2023-11-15 12:30:00+00:00,459.9,460.0,459.6,459.7,25,22,459.81
2023-11-15 12:45:00+00:00,459.6,459.6,459.4,459.5,28,10,459.48
2023-11-15 13:00:00+00:00,459.7,459.9,459.2,459.4,31,22,459.56
2023-11-15 13:15:00+00:00,459.1,459.3,458.8,459.2,91,41,459.05
2023-11-15 13:30:00+00:00,459.2,459.3,457.8,457.8,106,69,458.79
2023-11-15 13:45:00+00:00,457.8,457.9,456.5,456.9,190,95,457.38
2023-11-15 14:00:00+00:00,456.8,456.8,453.9,454.5,563,281,455.06
2023-11-15 14:15:00+00:00,454.4,455.7,454.3,455.4,254,140,455.03
2023-11-15 14:30:00+00:00,455.4,455.5,454.4,454.7,145,86,454.78
2023-11-15 15:30:00+00:00,455.2,456.8,453.7,454.9,2891,1556,455.1
2023-11-15 15:45:00+00:00,454.9,455.0,451.3,452.1,1843,878,452.98
2023-11-15 16:00:00+00:00,452.1,454.2,451.6,454.1,1353,692,452.98
2023-11-15 16:15:00+00:00,454.1,454.3,453.0,453.7,752,360,453.59
2023-11-15 16:30:00+00:00,453.7,453.8,451.5,452.1,916,394,452.55
2023-11-15 16:45:00+00:00,452.1,452.5,450.8,450.8,663,361,451.54
2023-11-15 17:00:00+00:00,450.9,451.3,450.0,450.7,1029,486,450.61
2023-11-15 17:15:00+00:00,450.6,451.3,448.1,448.3,1072,481,449.51
2023-11-15 17:30:00+00:00,448.2,450.4,448.1,449.9,682,392,449.57
2023-11-15 17:45:00+00:00,449.9,451.6,449.9,451.5,541,313,450.91
2023-11-15 18:00:00+00:00,451.4,451.5,449.8,450.9,1143,500,450.53
2023-11-15 18:15:00+00:00,451.0,451.0,449.9,450.7,306,212,450.53
2023-11-15 18:30:00+00:00,450.8,451.3,450.2,450.4,416,256,450.75
2023-11-15 18:45:00+00:00,450.4,450.6,448.8,449.5,803,330,449.36
2023-11-15 19:00:00+00:00,449.5,449.7,448.0,448.3,519,280,448.83
2023-11-15 19:15:00+00:00,448.2,449.1,448.0,449.0,230,147,448.58
2023-11-15 19:30:00+00:00,448.9,449.5,448.6,449.4,549,282,449.09
2023-11-15 19:45:00+00:00,449.5,450.8,449.1,450.4,596,345,449.83
2023-11-15 20:00:00+00:00,450.4,452.3,449.7,452.2,1847,919,451.23
2023-11-15 20:15:00+00:00,452.3,452.9,452.0,452.5,442,200,452.44
2023-11-16 02:00:00+00:00,451.9,453.8,448.7,453.5,228,151,452.6
2023-11-16 02:15:00+00:00,452.9,452.9,451.8,452.4,161,59,452.13
2023-11-16 02:30:00+00:00,452.3,452.5,451.7,451.9,37,24,451.98
2023-11-16 02:45:00+00:00,451.7,451.8,451.0,451.4,40,26,451.42
2023-11-16 03:00:00+00:00,451.6,452.0,451.2,451.4,61,29,451.47
2023-11-16 03:15:00+00:00,451.6,451.6,451.1,451.4,11,9,451.38
2023-11-16 03:30:00+00:00,451.3,451.3,450.8,451.1,16,12,451.06
2023-11-16 03:45:00+00:00,451.2,451.7,451.2,451.7,67,26,451.44
2023-11-16 04:00:00+00:00,451.6,451.9,451.3,451.8,28,23,451.45
2023-11-16 04:15:00+00:00,452.1,452.2,451.1,451.1,19,15,451.88
2023-11-16 04:30:00+00:00,451.0,451.0,450.8,451.0,12,8,450.95
2023-11-16 04:45:00+00:00,451.2,451.2,450.9,451.2,20,19,451.09
2023-11-16 05:00:00+00:00,451.1,451.1,450.7,451.0,45,23,450.88
2023-11-16 05:15:00+00:00,451.1,451.5,451.0,451.5,25,11,451.14
2023-11-16 05:30:00+00:00,451.5,451.5,451.2,451.2,14,7,451.32
2023-11-16 05:45:00+00:00,451.1,451.2,451.0,451.2,16,7,451.08
2023-11-16 06:00:00+00:00,451.9,451.9,451.9,451.9,3,2,451.9
2023-11-16 06:15:00+00:00,451.9,453.1,451.8,452.7,103,55,452.61
2023-11-16 06:30:00+00:00,452.7,452.7,452.2,452.4,38,29,452.5
2023-11-16 06:45:00+00:00,452.4,452.7,452.4,452.6,8,8,452.59
2023-11-16 07:00:00+00:00,452.7,453.3,452.7,453.3,41,22,453.17
2023-11-16 07:15:00+00:00,453.0,453.3,452.7,453.0,73,40,453.02
2023-11-16 07:30:00+00:00,453.0,453.0,452.9,453.0,13,11,452.97
2023-11-16 07:45:00+00:00,453.1,453.1,452.9,452.9,7,6,453.03
2023-11-16 08:00:00+00:00,452.9,453.2,452.9,453.2,19,10,453.04
2023-11-16 08:15:00+00:00,453.2,453.3,453.0,453.0,26,11,453.14
2023-11-16 08:30:00+00:00,453.0,453.3,453.0,453.3,3,2,453.2
2023-11-16 08:45:00+00:00,453.3,454.0,452.9,453.0,81,46,453.39
2023-11-16 09:00:00+00:00,453.0,453.1,452.2,452.4,100,73,452.67
2023-11-16 09:15:00+00:00,452.4,452.8,452.3,452.5,54,38,452.56
2023-11-16 09:30:00+00:00,452.3,452.5,450.9,451.1,372,151,451.7
2023-11-16 09:45:00+00:00,451.0,451.9,450.5,450.6,180,75,451.1
2023-11-16 10:00:00+00:00,450.5,451.2,450.2,450.9,109,60,450.8
2023-11-16 10:15:00+00:00,450.9,451.0,449.2,449.2,196,104,449.95
2023-11-16 10:30:00+00:00,449.2,449.8,448.6,448.7,143,78,449.16
2023-11-16 10:45:00+00:00,448.7,448.7,447.7,448.0,431,132,448.24
2023-11-16 11:00:00+00:00,448.2,448.3,447.2,447.5,367,125,447.6
2023-11-16 11:15:00+00:00,447.6,448.0,447.4,447.4,41,27,447.71
2023-11-16 11:30:00+00:00,447.3,447.7,446.8,447.7,42,27,447.25
2023-11-16 11:45:00+00:00,447.6,448.2,447.4,447.6,95,51,447.71
2023-11-16 12:00:00+00:00,447.6,447.8,447.3,447.6,85,58,447.54
2023-11-16 12:15:00+00:00,447.7,448.3,447.7,448.1,29,20,448.03
2023-11-16 12:30:00+00:00,448.0,448.1,447.7,448.0,30,21,447.93
2023-11-16 12:45:00+00:00,447.9,447.9,446.9,447.0,106,60,447.35
2023-11-16 13:00:00+00:00,446.9,447.1,446.2,446.4,178,60,446.45
2023-11-16 13:15:00+00:00,446.3,447.2,446.0,447.0,170,87,446.61
2023-11-16 13:30:00+00:00,447.0,447.2,446.6,446.7,118,61,447.06
2023-11-16 13:45:00+00:00,446.7,447.1,446.3,446.4,70,43,446.69
2023-11-16 14:00:00+00:00,446.3,446.7,446.0,446.1,22,15,446.24
2023-11-16 14:15:00+00:00,446.0,446.4,445.6,446.4,165,86,445.97
2023-11-16 14:30:00+00:00,446.4,447.4,446.4,446.9,255,107,446.91
2023-11-16 15:30:00+00:00,447.4,448.6,444.5,445.2,3595,1639,446.58
2023-11-16 15:45:00+00:00,445.3,445.4,441.9,442.0,2439,1132,443.75
2023-11-16 16:00:00+00:00,441.9,442.1,439.8,441.6,2274,953,440.83
2023-11-16 16:15:00+00:00,441.5,442.4,440.7,441.4,948,557,441.48
2023-11-16 16:30:00+00:00,441.3,441.7,440.0,440.2,676,386,440.79
2023-11-16 16:45:00+00:00,440.2,440.9,438.3,439.7,1528,594,439.39
2023-11-16 17:00:00+00:00,439.7,439.7,438.2,439.1,651,325,438.83
2023-11-16 17:15:00+00:00,439.0,440.7,438.4,440.5,759,348,439.66
2023-11-16 17:30:00+00:00,440.6,441.5,439.3,440.5,970,457,440.49
2023-11-16 17:45:00+00:00,440.6,443.3,440.2,442.8,1108,486,442.16
2023-11-16 18:00:00+00:00,443.0,445.2,442.5,443.9,1220,612,443.9
2023-11-16 18:15:00+00:00,444.0,445.0,443.6,444.2,943,429,444.24
2023-11-16 18:30:00+00:00,444.3,446.3,444.3,445.8,943,473,445.48
2023-11-16 18:45:00+00:00,445.9,446.4,444.5,446.3,1042,510,445.48
2023-11-16 19:00:00+00:00,446.3,450.2,446.1,449.7,1934,823,448.96
2023-11-16 19:15:00+00:00,449.7,450.5,448.1,448.3,1372,571,449.59
2023-11-16 19:30:00+00:00,448.3,448.8,446.9,448.8,1063,475,447.82
2023-11-16 19:45:00+00:00,448.7,449.8,448.6,449.2,666,326,449.18
2023-11-16 20:00:00+00:00,449.2,449.7,448.3,449.2,1749,866,449.04
2023-11-16 20:15:00+00:00,449.2,449.9,449.0,449.3,340,132,449.36
2023-11-17 02:00:00+00:00,447.6,449.5,447.6,448.4,425,264,448.68
2023-11-17 02:15:00+00:00,448.4,448.6,447.8,448.4,88,68,448.24
2023-11-17 02:30:00+00:00,448.5,448.8,448.3,448.6,84,38,448.54
2023-11-17 02:45:00+00:00,448.8,448.8,447.4,447.5,124,54,447.87
2023-11-17 03:00:00+00:00,447.5,448.2,447.5,447.6,110,57,447.89
2023-11-17 03:15:00+00:00,447.7,447.9,447.4,447.5,77,36,447.67
2023-11-17 03:30:00+00:00,447.5,447.8,447.5,447.7,19,16,447.57
2023-11-17 03:45:00+00:00,447.8,448.3,447.6,448.2,49,31,447.94
2023-11-17 04:00:00+00:00,448.2,448.3,448.1,448.1,24,16,448.23
2023-11-17 04:15:00+00:00,448.3,448.7,448.2,448.7,18,14,448.43
2023-11-17 04:30:00+00:00,448.9,449.0,448.8,448.9,11,11,448.87
2023-11-17 04:45:00+00:00,448.7,448.8,448.6,448.8,4,4,448.7
2023-11-17 05:00:00+00:00,448.5,448.5,448.5,448.5,2,1,448.5
2023-11-17 05:15:00+00:00,448.4,448.4,448.2,448.3,14,10,448.33
2023-11-17 05:30:00+00:00,448.4,448.5,448.4,448.4,9,6,448.46
2023-11-17 05:45:00+00:00,448.4,448.4,448.2,448.2,12,8,448.26
2023-11-17 06:00:00+00:00,448.3,448.3,448.1,448.1,4,3,448.2
2023-11-17 06:15:00+00:00,448.1,448.1,447.8,447.8,14,8,447.97
2023-11-17 06:30:00+00:00,447.9,448.1,447.8,447.9,39,27,447.86
2023-11-17 06:45:00+00:00,447.8,448.1,447.7,447.8,29,23,447.91
2023-11-17 07:00:00+00:00,447.7,447.8,447.7,447.7,14,10,447.74
2023-11-17 07:15:00+00:00,447.7,448.0,447.5,447.8,63,34,447.82
2023-11-17 07:30:00+00:00,447.8,448.0,447.2,447.3,50,36,447.64
2023-11-17 07:45:00+00:00,447.2,447.5,447.0,447.5,61,50,447.24
2023-11-17 08:00:00+00:00,447.5,447.5,446.7,446.8,57,41,447.0
2023-11-17 08:15:00+00:00,446.7,447.0,446.4,447.0,110,66,446.72
2023-11-17 08:30:00+00:00,447.0,447.3,446.8,446.8,34,24,447.12
2023-11-17 08:45:00+00:00,446.7,447.0,446.3,447.0,106,61,446.62
2023-11-17 09:00:00+00:00,447.0,447.0,446.1,446.1,182,90,446.46
2023-11-17 09:15:00+00:00,446.2,446.8,446.2,446.5,72,42,446.38
2023-11-17 09:30:00+00:00,447.1,448.6,447.1,448.4,74,41,448.08
2023-11-17 09:45:00+00:00,448.3,448.4,447.8,448.1,72,39,448.06
2023-11-17 10:00:00+00:00,448.0,448.3,447.7,447.8,55,28,447.97
2023-11-17 10:15:00+00:00,448.0,448.0,447.2,447.3,51,26,447.4
2023-11-17 10:30:00+00:00,447.3,447.4,447.0,447.2,106,36,447.29
2023-11-17 10:45:00+00:00,447.2,447.3,446.3,446.6,191,70,446.73
2023-11-17 11:00:00+00:00,446.6,448.3,446.5,448.2,133,77,447.58
2023-11-17 11:15:00+00:00,448.2,449.2,448.1,448.7,110,63,448.61
2023-11-17 11:30:00+00:00,449.0,449.3,448.4,448.4,169,87,448.74
2023-11-17 11:45:00+00:00,448.5,448.7,448.0,448.4,61,25,448.46
2023-11-17 12:00:00+00:00,448.3,448.5,447.9,448.1,71,34,448.14
2023-11-17 12:15:00+00:00,448.2,448.7,448.2,448.3,87,30,448.44
2023-11-17 12:30:00+00:00,448.2,448.2,447.0,447.1,65,30,447.23
2023-11-17 12:45:00+00:00,447.1,447.3,447.0,447.3,45,27,447.14
2023-11-17 13:00:00+00:00,447.3,447.7,447.0,447.3,60,40,447.33
2023-11-17 13:15:00+00:00,447.2,447.5,446.9,447.5,92,43,447.09
2023-11-17 13:30:00+00:00,447.4,447.6,446.9,447.0,26,22,447.26
2023-11-17 13:45:00+00:00,446.9,446.9,446.2,446.2,84,49,446.43
2023-11-17 14:00:00+00:00,446.3,446.7,446.0,446.1,210,105,446.29
2023-11-17 14:15:00+00:00,446.0,446.4,445.0,445.1,401,174,445.71
2023-11-17 14:30:00+00:00,445.1,445.1,443.3,444.8,682,221,444.03
2023-11-17 15:30:00+00:00,444.0,445.0,438.8,440.1,4885,2093,441.05
2023-11-17 15:45:00+00:00,440.1,440.5,438.8,439.8,1492,760,439.65
2023-11-17 16:00:00+00:00,439.8,441.4,439.5,440.7,1651,737,440.42
2023-11-17 16:15:00+00:00,440.7,440.8,439.6,440.6,910,478,440.3
2023-11-17 16:30:00+00:00,440.6,440.8,439.6,440.2,825,389,440.1
2023-11-17 16:45:00+00:00,440.2,442.5,440.1,441.7,1361,539,441.7
2023-11-17 17:00:00+00:00,441.7,442.0,440.2,440.2,567,304,441.3
2023-11-17 17:15:00+00:00,440.3,440.7,437.8,438.9,1250,566,438.74
2023-11-17 17:30:00+00:00,438.9,440.6,438.9,439.5,690,334,439.85
2023-11-17 17:45:00+00:00,439.4,440.2,438.9,439.9,1221,478,439.73
2023-11-17 18:00:00+00:00,439.8,440.1,438.5,439.2,628,283,439.24
2023-11-17 18:15:00+00:00,439.1,439.1,438.0,439.0,487,229,438.53
2023-11-17 18:30:00+00:00,439.1,439.9,438.7,439.2,741,330,439.35
2023-11-17 18:45:00+00:00,439.2,439.2,438.4,438.7,369,191,438.7
2023-11-17 19:00:00+00:00,438.8,439.5,438.4,438.4,664,299,438.88
2023-11-17 19:15:00+00:00,438.4,438.9,437.7,437.8,784,330,438.3
2023-11-17 19:30:00+00:00,437.8,438.0,436.1,437.0,1629,541,437.0
2023-11-17 19:45:00+00:00,437.2,437.6,436.3,437.5,1324,472,436.93
2023-11-17 20:00:00+00:00,437.5,437.5,435.7,436.5,2813,1120,436.34
2023-11-17 20:15:00+00:00,436.3,437.6,435.6,437.5,582,257,436.33
2023-11-20 02:00:00+00:00,436.0,436.0,426.3,426.7,2998,1173,429.88
2023-11-20 02:15:00+00:00,426.7,427.6,425.1,427.2,817,410,426.31
2023-11-20 02:30:00+00:00,427.0,428.2,426.0,427.9,252,146,426.81
2023-11-20 02:45:00+00:00,428.1,431.3,428.1,431.1,668,260,429.46
2023-11-20 03:00:00+00:00,431.2,432.6,430.5,431.9,511,263,431.55
2023-11-20 03:15:00+00:00,431.9,432.4,431.5,432.2,72,41,431.94
2023-11-20 03:30:00+00:00,432.4,432.9,432.4,432.4,62,43,432.57
2023-11-20 03:45:00+00:00,432.5,433.6,432.5,433.1,152,44,433.48
2023-11-20 04:00:00+00:00,432.9,433.2,432.6,432.6,19,14,432.83
2023-11-20 04:15:00+00:00,432.5,433.4,432.4,432.9,104,49,432.88
2023-11-20 04:30:00+00:00,432.7,432.7,431.5,431.6,177,77,432.2
2023-11-20 04:45:00+00:00,431.7,433.8,431.6,433.2,140,62,433.03
2023-11-20 05:00:00+00:00,433.3,434.1,433.2,433.9,40,26,433.57
2023-11-20 05:15:00+00:00,433.9,434.0,433.4,433.4,34,21,433.71
2023-11-20 05:30:00+00:00,433.4,433.8,433.2,433.6,27,15,433.39
2023-11-20 05:45:00+00:00,433.3,433.4,433.2,433.4,20,8,433.37
2023-11-20 06:00:00+00:00,433.1,433.1,432.9,433.0,9,7,433.02
2023-11-20 06:15:00+00:00,432.9,433.1,432.8,432.8,8,8,432.95
2023-11-20 06:30:00+00:00,432.9,433.5,432.9,433.3,21,10,433.34
2023-11-20 06:45:00+00:00,433.6,433.6,432.8,432.8,4,4,433.2
2023-11-20 07:00:00+00:00,432.8,433.4,432.8,433.3,15,11,433.21
2023-11-20 07:15:00+00:00,433.4,434.2,432.9,432.9,49,26,433.64
2023-11-20 07:30:00+00:00,433.4,433.5,431.7,431.8,121,65,432.46
2023-11-20 07:45:00+00:00,431.8,432.8,431.8,432.4,116,59,432.4
2023-11-20 08:00:00+00:00,432.2,432.5,431.2,431.2,95,54,431.91
2023-11-20 08:15:00+00:00,431.4,431.6,431.2,431.3,22,19,431.43
2023-11-20 08:30:00+00:00,431.2,431.4,430.0,430.0,130,58,430.74
2023-11-20 08:45:00+00:00,430.1,430.6,430.0,430.4,49,28,430.28
2023-11-20 09:00:00+00:00,430.4,430.6,429.9,429.9,79,43,430.14
2023-11-20 09:15:00+00:00,429.9,430.1,429.6,429.7,107,51,429.89
2023-11-20 09:30:00+00:00,429.8,430.9,429.7,430.1,204,108,430.34
2023-11-20 09:45:00+00:00,430.1,431.5,429.9,431.5,154,66,430.93
2023-11-20 10:00:00+00:00,431.4,432.7,431.2,431.6,233,118,431.89
2023-11-20 10:15:00+00:00,431.8,432.3,431.5,431.9,153,80,431.99
2023-11-20 10:30:00+00:00,432.0,432.0,431.2,431.4,150,73,431.6
2023-11-20 10:45:00+00:00,431.5,431.5,430.4,430.9,138,76,430.84
2023-11-20 11:00:00+00:00,430.9,431.2,430.4,431.2,111,38,430.66
2023-11-20 11:15:00+00:00,431.2,431.3,430.9,431.3,44,22,431.15
2023-11-20 11:30:00+00:00,431.3,432.1,431.2,431.6,144,95,431.61
2023-11-20 11:45:00+00:00,431.4,431.4,430.4,430.6,174,106,430.87
2023-11-20 12:00:00+00:00,430.2,431.3,430.2,430.4,244,115,430.77
2023-11-20 12:15:00+00:00,430.4,431.1,430.1,430.8,71,50,430.59
2023-11-20 12:30:00+00:00,430.7,431.1,430.6,430.6,58,45,430.89
2023-11-20 12:45:00+00:00,430.7,431.0,430.6,430.6,49,39,430.83
2023-11-20 13:00:00+00:00,430.6,430.9,430.4,430.5,137,92,430.58
2023-11-20 13:15:00+00:00,430.5,431.0,430.5,430.9,41,27,430.78
2023-11-20 13:30:00+00:00,431.0,431.7,430.5,431.4,333,140,431.14
2023-11-20 13:45:00+00:00,431.3,432.0,431.1,431.8,102,66,431.64
2023-11-20 14:00:00+00:00,431.7,434.0,431.7,434.0,801,330,433.22
2023-11-20 14:15:00+00:00,434.0,434.3,432.3,432.6,456,185,433.34
2023-11-20 14:30:00+00:00,432.5,434.6,432.3,432.6,514,261,433.34
2023-11-20 15:30:00+00:00,433.1,436.8,430.8,436.0,4262,1837,434.37
2023-11-20 15:45:00+00:00,436.1,436.5,432.4,432.4,1485,833,434.22
2023-11-20 16:00:00+00:00,432.5,432.7,431.6,432.3,1172,653,432.26
2023-11-20 16:15:00+00:00,432.3,433.3,431.9,432.4,862,460,432.53
2023-11-20 16:30:00+00:00,432.6,434.2,432.6,433.6,878,471,433.33
2023-11-20 16:45:00+00:00,433.6,434.2,433.0,434.2,647,330,433.39
2023-11-20 17:00:00+00:00,434.2,435.1,433.4,435.1,777,371,434.34
2023-11-20 17:15:00+00:00,435.1,435.6,433.4,433.7,864,380,434.5
2023-11-20 17:30:00+00:00,433.7,435.0,433.4,435.0,438,257,434.16
2023-11-20 17:45:00+00:00,435.0,437.0,434.9,436.7,1004,404,436.13
2023-11-20 18:00:00+00:00,436.6,438.5,436.5,438.0,1172,448,437.4
2023-11-20 18:15:00+00:00,437.9,439.0,437.7,437.9,1001,430,438.4
2023-11-20 18:30:00+00:00,438.0,439.4,437.7,439.0,617,311,438.46
2023-11-20 18:45:00+00:00,439.0,440.5,438.7,440.0,777,338,439.56
2023-11-20 19:00:00+00:00,440.0,441.6,439.7,441.4,1016,426,440.79
2023-11-20 19:15:00+00:00,441.4,442.4,441.1,442.3,683,286,441.52
2023-11-20 19:30:00+00:00,442.4,443.1,442.0,442.3,892,418,442.55
2023-11-20 19:45:00+00:00,442.4,443.0,441.6,442.7,1314,498,442.48
2023-11-20 20:00:00+00:00,442.8,443.6,442.5,443.5,2849,1027,443.07
2023-11-20 20:15:00+00:00,443.4,444.7,443.3,444.7,823,212,444.01
2023-11-21 02:00:00+00:00,443.0,445.9,442.5,445.7,593,341,444.55
2023-11-21 02:15:00+00:00,445.7,447.0,445.7,446.8,266,146,446.41
2023-11-21 02:30:00+00:00,446.8,448.4,446.6,448.4,459,192,447.6
2023-11-21 02:45:00+00:00,448.3,448.6,448.0,448.5,117,70,448.34
2023-11-21 03:00:00+00:00,448.5,449.0,448.4,449.0,94,67,448.73
2023-11-21 03:15:00+00:00,449.0,449.2,448.6,449.0,93,55,448.95
2023-11-21 03:30:00+00:00,449.0,449.0,448.4,448.5,54,42,448.67
2023-11-21 03:45:00+00:00,448.4,449.2,448.4,448.9,34,25,448.78
2023-11-21 04:00:00+00:00,448.9,448.9,448.7,448.7,62,52,448.8
2023-11-21 04:15:00+00:00,448.8,448.9,448.3,448.6,83,50,448.57
2023-11-21 04:30:00+00:00,448.6,448.8,448.4,448.5,60,34,448.58
2023-11-21 04:45:00+00:00,448.6,448.7,448.5,448.7,34,23,448.61
2023-11-21 05:00:00+00:00,448.8,448.8,448.7,448.7,40,34,448.75
2023-11-21 05:15:00+00:00,448.7,448.9,448.7,448.9,11,11,448.8
2023-11-21 05:30:00+00:00,449.0,449.0,448.5,448.6,45,35,448.68
2023-11-21 05:45:00+00:00,448.6,448.7,448.5,448.7,15,12,448.61
2023-11-21 06:00:00+00:00,448.7,449.0,448.6,448.9,24,18,448.83
2023-11-21 06:15:00+00:00,448.9,449.0,448.8,448.9,29,21,448.92
2023-11-21 06:30:00+00:00,449.0,449.1,448.2,448.6,132,80,448.57
2023-11-21 06:45:00+00:00,448.6,448.6,448.4,448.6,42,32,448.54
2023-11-21 07:00:00+00:00,448.6,448.6,448.3,448.4,40,24,448.45
2023-11-21 07:15:00+00:00,448.4,448.6,448.0,448.5,216,76,448.32
2023-11-21 07:30:00+00:00,448.5,448.9,448.4,448.5,97,55,448.66
2023-11-21 07:45:00+00:00,448.5,449.0,448.3,448.9,100,54,448.62
2023-11-21 08:00:00+00:00,448.9,449.3,448.8,448.8,93,57,449.01
2023-11-21 08:15:00+00:00,448.8,448.9,448.7,448.7,56,36,448.85
2023-11-21 08:30:00+00:00,448.7,448.8,448.3,448.5,40,31,448.58
2023-11-21 08:45:00+00:00,448.6,448.8,448.4,448.7,44,36,448.59
2023-11-21 09:00:00+00:00,448.8,449.3,448.8,448.9,118,70,449.06
2023-11-21 09:15:00+00:00,448.9,449.0,448.5,448.9,80,58,448.76
2023-11-21 09:30:00+00:00,448.9,449.8,448.9,449.7,121,76,449.36
2023-11-21 09:45:00+00:00,449.8,449.9,449.2,449.3,107,64,449.62
2023-11-21 10:00:00+00:00,449.2,449.2,448.5,448.7,86,52,448.79
2023-11-21 10:15:00+00:00,448.6,449.1,448.6,449.0,78,35,448.92
2023-11-21 10:30:00+00:00,448.9,449.0,448.6,448.9,93,63,448.78
2023-11-21 10:45:00+00:00,448.9,449.0,448.2,448.5,141,90,448.75
2023-11-21 11:00:00+00:00,448.5,449.2,448.4,449.0,124,89,448.92
2023-11-21 11:15:00+00:00,448.9,450.2,448.9,449.8,178,110,449.78
2023-11-21 11:30:00+00:00,449.7,450.5,449.7,449.9,292,70,450.12
2023-11-21 11:45:00+00:00,449.9,450.2,449.8,450.0,61,42,450.03
2023-11-21 12:00:00+00:00,450.0,450.2,448.9,449.2,260,95,449.6
2023-11-21 12:15:00+00:00,449.1,449.2,448.7,449.1,101,67,448.95
2023-11-21 12:30:00+00:00,449.0,449.3,448.9,449.1,72,45,449.05
2023-11-21 12:45:00+00:00,449.0,449.7,448.8,449.7,230,74,449.23
2023-11-21 13:00:00+00:00,449.6,450.4,449.5,450.2,239,122,449.86
2023-11-21 13:15:00+00:00,450.3,450.5,449.2,449.6,224,131,449.79
2023-11-21 13:30:00+00:00,449.7,449.8,448.9,449.3,266,152,449.22
2023-11-21 13:45:00+00:00,449.4,449.4,448.0,448.6,661,275,448.5
2023-11-21 14:00:00+00:00,448.7,448.8,446.5,447.2,747,382,447.45
2023-11-21 14:15:00+00:00,447.3,448.5,447.3,447.3,279,148,447.82
2023-11-21 14:30:00+00:00,447.2,449.0,447.0,448.9,308,176,448.17
2023-11-21 15:30:00+00:00,448.5,450.2,446.8,447.8,4048,1925,448.09
2023-11-21 15:45:00+00:00,447.8,449.7,447.4,449.2,2114,934,448.88
2023-11-21 16:00:00+00:00,449.2,449.2,444.2,444.8,2023,1040,446.53
2023-11-21 16:15:00+00:00,444.9,444.9,440.5,440.6,2947,1260,442.63
2023-11-21 16:30:00+00:00,440.6,441.0,439.0,440.3,2171,978,440.02
2023-11-21 16:45:00+00:00,440.3,440.9,438.9,440.0,1125,569,439.96
2023-11-21 17:00:00+00:00,439.8,441.4,438.9,439.2,1042,544,440.09
2023-11-21 17:15:00+00:00,439.3,441.4,437.7,441.2,1540,678,439.24
2023-11-21 17:30:00+00:00,441.3,441.4,440.1,440.2,790,386,440.91
2023-11-21 17:45:00+00:00,440.3,441.8,439.1,441.5,772,386,440.44
2023-11-21 18:00:00+00:00,441.4,441.6,439.7,439.8,695,322,440.56
2023-11-21 18:15:00+00:00,439.9,440.9,439.6,440.7,406,223,440.25
2023-11-21 18:30:00+00:00,440.7,440.8,439.7,440.1,563,303,440.26
2023-11-21 18:45:00+00:00,440.1,440.6,439.3,440.5,531,261,440.12
2023-11-21 19:00:00+00:00,440.5,440.5,439.4,440.2,500,232,439.99
2023-11-21 19:15:00+00:00,440.2,441.2,440.2,440.6,406,206,440.75
2023-11-21 19:30:00+00:00,440.7,441.4,440.5,441.1,528,273,441.01
2023-11-21 19:45:00+00:00,441.1,442.2,440.2,441.8,692,362,441.18
2023-11-21 20:00:00+00:00,441.7,443.1,441.5,441.6,2175,962,442.32
2023-11-21 20:15:00+00:00,441.6,442.6,441.5,442.3,400,145,442.03
2023-11-22 02:00:00+00:00,442.1,442.5,440.5,442.1,787,398,441.7
2023-11-22 02:15:00+00:00,442.0,442.2,440.0,440.5,224,130,440.59
2023-11-22 02:30:00+00:00,440.6,442.0,440.1,441.9,154,77,441.21
2023-11-22 02:45:00+00:00,441.8,443.0,441.8,442.3,201,121,442.48
2023-11-22 03:00:00+00:00,442.3,443.0,442.2,442.3,85,48,442.55
2023-11-22 03:15:00+00:00,442.2,442.5,441.8,442.5,41,30,442.23
2023-11-22 03:30:00+00:00,442.2,442.5,442.2,442.3,28,24,442.3
2023-11-22 03:45:00+00:00,442.7,442.8,442.5,442.6,18,14,442.68
2023-11-22 04:00:00+00:00,442.4,442.5,440.9,441.0,85,51,441.62
2023-11-22 04:15:00+00:00,440.9,441.5,440.9,440.9,44,30,441.12
2023-11-22 04:30:00+00:00,440.9,441.3,440.6,440.7,108,40,440.89
2023-11-22 04:45:00+00:00,440.7,440.8,440.5,440.6,21,18,440.6
2023-11-22 05:00:00+00:00,440.7,440.8,440.4,440.4,19,13,440.59
2023-11-22 05:15:00+00:00,440.5,440.5,440.0,440.4,43,26,440.21
2023-11-22 05:30:00+00:00,440.3,440.3,439.9,440.3,33,23,440.15
2023-11-22 05:45:00+00:00,440.4,440.9,440.3,440.6,72,26,440.7
2023-11-22 06:00:00+00:00,440.6,440.8,440.4,440.5,14,10,440.54
2023-11-22 06:15:00+00:00,440.4,440.4,439.9,439.9,24,14,440.05
2023-11-22 06:30:00+00:00,440.0,440.1,439.6,440.1,77,50,439.86
2023-11-22 06:45:00+00:00,439.9,440.3,439.7,439.8,68,56,439.95
2023-11-22 07:00:00+00:00,439.8,440.0,439.0,439.3,51,36,439.41
2023-11-22 07:15:00+00:00,439.3,439.9,439.3,439.7,119,61,439.59
2023-11-22 07:30:00+00:00,439.8,439.9,439.5,439.6,34,22,439.71
2023-11-22 07:45:00+00:00,439.7,439.7,439.5,439.6,24,15,439.57
2023-11-22 08:00:00+00:00,439.6,439.6,439.0,439.2,42,28,439.31
2023-11-22 08:15:00+00:00,439.1,439.3,438.3,438.7,254,74,438.68
2023-11-22 08:30:00+00:00,438.6,438.6,438.1,438.1,72,39,438.38
2023-11-22 08:45:00+00:00,438.3,438.5,438.0,438.2,58,30,438.26
2023-11-22 09:00:00+00:00,438.2,438.5,438.1,438.4,116,57,438.38
2023-11-22 09:15:00+00:00,438.3,439.0,436.9,437.2,424,166,437.82
2023-11-22 09:30:00+00:00,437.0,437.2,436.2,436.8,310,148,436.63
2023-11-22 09:45:00+00:00,436.9,437.8,436.9,437.8,168,76,437.38
2023-11-22 10:00:00+00:00,437.7,438.1,437.5,438.0,169,73,437.81
2023-11-22 10:15:00+00:00,438.0,438.9,438.0,438.2,256,116,438.36
2023-11-22 10:30:00+00:00,438.2,438.4,437.9,438.3,68,41,438.16
2023-11-22 10:45:00+00:00,438.4,438.6,438.1,438.2,119,44,438.28
2023-11-22 11:00:00+00:00,438.2,439.0,438.2,438.8,110,64,438.64
2023-11-22 11:15:00+00:00,438.9,439.4,438.8,439.2,48,33,439.07
2023-11-22 11:30:00+00:00,439.2,439.4,438.8,439.0,64,37,439.13
2023-11-22 11:45:00+00:00,439.1,439.4,438.1,438.3,248,137,438.73
2023-11-22 12:00:00+00:00,438.3,438.6,437.7,438.5,264,125,438.16
2023-11-22 12:15:00+00:00,438.5,439.0,438.4,439.0,75,36,438.58
2023-11-22 12:30:00+00:00,438.9,439.0,438.6,439.0,61,36,438.76
2023-11-22 12:45:00+00:00,439.0,440.1,438.9,439.7,372,148,439.64
2023-11-22 13:00:00+00:00,439.6,440.9,439.6,440.7,268,160,440.23
2023-11-22 13:15:00+00:00,440.8,441.5,440.8,441.2,163,106,441.22
2023-11-22 13:30:00+00:00,441.1,441.4,440.0,440.1,270,133,440.61
2023-11-22 13:45:00+00:00,440.1,440.5,439.2,440.1,302,117,439.71
2023-11-22 14:00:00+00:00,440.1,440.6,439.0,439.3,612,209,439.6
2023-11-22 14:15:00+00:00,439.4,439.6,438.5,439.4,227,151,438.83
2023-11-22 14:30:00+00:00,439.5,440.8,439.1,439.8,297,166,440.0
2023-11-22 15:30:00+00:00,440.0,444.9,439.0,442.8,4081,1841,442.69
2023-11-22 15:45:00+00:00,443.0,444.0,442.6,443.9,1652,828,443.46
2023-11-22 16:00:00+00:00,443.9,445.1,443.5,444.1,1305,664,444.28
2023-11-22 16:15:00+00:00,444.1,444.2,442.3,443.6,1277,715,443.19
2023-11-22 16:30:00+00:00,443.7,445.1,443.6,444.7,1251,607,444.56
2023-11-22 16:45:00+00:00,444.7,444.8,443.1,444.5,1334,563,444.15
2023-11-22 17:00:00+00:00,444.5,445.9,444.2,445.2,1296,594,445.0
2023-11-22 17:15:00+00:00,445.1,445.9,443.5,445.0,1349,538,444.78
2023-11-22 17:30:00+00:00,444.9,447.2,444.7,445.2,1590,710,446.18
2023-11-22 17:45:00+00:00,445.2,445.6,444.3,444.6,910,441,444.94
2023-11-22 18:00:00+00:00,444.5,444.6,439.3,440.0,2381,843,441.2
2023-11-22 18:15:00+00:00,439.9,440.0,438.0,438.8,1181,533,438.67
2023-11-22 18:30:00+00:00,438.8,440.0,438.7,439.4,1017,482,439.34
2023-11-22 18:45:00+00:00,439.3,440.5,439.0,440.2,624,369,439.94
2023-11-22 19:00:00+00:00,440.3,441.2,440.3,440.6,830,416,440.72
2023-11-22 19:15:00+00:00,440.6,440.7,438.6,438.8,781,368,439.25
2023-11-22 19:30:00+00:00,438.7,439.2,437.7,437.8,1018,412,438.45
2023-11-22 19:45:00+00:00,437.8,438.5,437.5,438.0,973,451,437.97
2023-11-22 20:00:00+00:00,438.1,438.7,437.4,437.5,2087,956,437.87
2023-11-22 20:15:00+00:00,437.4,438.3,437.4,437.9,412,195,437.82
2023-11-24 15:30:00+00:00,437.6,440.6,434.8,438.8,5056,2481,437.58
2023-11-24 15:45:00+00:00,439.1,441.4,438.6,439.1,2489,1022,440.02
2023-11-24 16:00:00+00:00,439.4,440.0,437.3,437.4,1557,695,438.69
2023-11-24 16:15:00+00:00,437.3,439.0,437.0,438.5,1201,566,437.79
2023-11-24 16:30:00+00:00,438.5,439.1,437.8,438.9,707,349,438.57
2023-11-24 16:45:00+00:00,439.0,439.3,437.0,438.0,803,420,437.98
2023-11-24 17:00:00+00:00,437.9,437.9,435.2,435.7,1633,627,436.19
2023-11-24 17:15:00+00:00,435.6,437.1,435.5,436.4,749,379,436.39
2023-11-24 17:30:00+00:00,436.5,437.7,435.6,437.5,797,373,436.75
2023-11-24 17:45:00+00:00,437.7,438.4,437.2,438.4,441,243,437.86
2023-11-24 18:00:00+00:00,438.4,438.7,436.5,436.5,642,341,437.32
2023-11-24 18:15:00+00:00,436.5,436.8,435.0,435.9,1393,492,435.85
2023-11-24 18:30:00+00:00,435.7,436.6,435.5,435.9,488,275,436.05
2023-11-24 18:45:00+00:00,436.0,436.1,433.7,434.3,1297,494,434.68
2023-11-24 19:00:00+00:00,434.2,434.5,433.4,434.3,833,292,433.85
2023-11-27 02:00:00+00:00,434.1,437.7,433.2,437.6,1232,520,434.88
2023-11-27 02:15:00+00:00,437.7,438.3,437.4,438.3,164,96,437.82
2023-11-27 02:30:00+00:00,438.2,438.9,436.2,436.2,144,94,437.24
2023-11-27 02:45:00+00:00,436.1,438.6,436.1,438.3,302,186,437.55
2023-11-27 03:00:00+00:00,438.4,438.6,436.5,436.6,114,83,437.51
2023-11-27 03:15:00+00:00,436.3,436.3,435.2,435.2,54,37,435.66
2023-11-27 03:30:00+00:00,435.3,435.4,434.4,434.8,94,46,434.84
2023-11-27 03:45:00+00:00,434.8,434.9,434.3,434.6,29,22,434.66
2023-11-27 04:00:00+00:00,434.7,435.1,434.5,435.0,70,39,434.86
2023-11-27 04:15:00+00:00,434.9,435.2,434.1,434.1,67,39,434.63
2023-11-27 04:30:00+00:00,434.2,434.3,433.7,433.7,41,26,433.9
2023-11-27 04:45:00+00:00,433.8,434.1,433.5,433.6,29,19,433.81
2023-11-27 05:00:00+00:00,433.4,433.5,432.4,432.4,189,74,432.81
2023-11-27 05:15:00+00:00,432.4,432.4,432.0,432.0,84,52,432.2
2023-11-27 05:30:00+00:00,431.9,432.0,431.1,431.1,117,83,431.53
2023-11-27 05:45:00+00:00,431.0,431.9,430.9,431.9,131,74,431.23
2023-11-27 06:00:00+00:00,431.9,432.4,431.9,432.3,28,18,432.14
2023-11-27 06:15:00+00:00,432.2,432.8,432.2,432.8,86,50,432.63
2023-11-27 06:30:00+00:00,432.7,434.4,432.3,434.4,132,74,433.42
2023-11-27 06:45:00+00:00,434.4,434.5,433.8,433.9,68,51,434.14
2023-11-27 07:00:00+00:00,433.9,434.7,433.9,434.7,27,21,434.45
2023-11-27 07:15:00+00:00,434.5,434.7,433.7,434.3,84,41,434.06
2023-11-27 07:30:00+00:00,434.3,435.1,434.2,434.2,131,82,434.67
2023-11-27 07:45:00+00:00,434.1,435.1,434.0,435.0,85,56,434.45
2023-11-27 08:00:00+00:00,434.9,435.8,434.9,435.8,62,42,435.47
2023-11-27 08:15:00+00:00,435.6,435.7,434.9,434.9,66,44,435.31
2023-11-27 08:30:00+00:00,434.8,434.9,434.2,434.2,56,29,434.57
2023-11-27 08:45:00+00:00,434.3,434.3,433.5,433.6,72,38,433.84
2023-11-27 09:00:00+00:00,434.1,435.4,434.1,435.1,66,49,434.86
2023-11-27 09:15:00+00:00,435.1,435.2,434.1,434.5,175,91,434.66
2023-11-27 09:30:00+00:00,434.7,435.5,434.7,434.9,73,47,435.12
2023-11-27 09:45:00+00:00,435.0,435.0,433.7,433.7,136,73,434.11
2023-11-27 10:00:00+00:00,433.7,434.8,433.6,434.1,135,68,434.28
2023-11-27 10:15:00+00:00,434.4,434.6,434.0,434.5,82,48,434.33
2023-11-27 10:30:00+00:00,434.7,435.8,434.6,435.6,160,70,435.39
2023-11-27 10:45:00+00:00,435.6,436.2,435.6,435.9,410,186,436.09
2023-11-27 11:00:00+00:00,436.0,436.9,435.6,436.6,95,65,436.29
2023-11-27 11:15:00+00:00,436.5,436.8,436.1,436.5,40,28,436.44
2023-11-27 11:30:00+00:00,436.4,437.1,436.2,436.9,62,41,436.65
2023-11-27 11:45:00+00:00,436.9,437.9,436.8,437.7,180,76,437.25
2023-11-27 12:00:00+00:00,437.6,438.0,437.3,437.9,134,68,437.81
2023-11-27 12:15:00+00:00,437.9,438.9,437.8,438.8,349,127,438.52
2023-11-27 12:30:00+00:00,438.8,439.5,438.6,438.6,291,151,439.05
2023-11-27 12:45:00+00:00,438.8,438.9,437.8,437.9,135,77,438.28
2023-11-27 13:00:00+00:00,437.8,438.3,437.6,438.2,138,66,438.01
2023-11-27 13:15:00+00:00,438.3,440.2,438.2,440.0,354,143,439.43
2023-11-27 13:30:00+00:00,440.1,440.2,438.2,438.6,256,146,439.35
2023-11-27 13:45:00+00:00,438.7,439.4,438.7,438.9,163,78,439.15
2023-11-27 14:00:00+00:00,438.9,439.5,437.7,438.2,334,155,438.43
2023-11-27 14:15:00+00:00,438.4,438.5,436.2,436.6,564,221,436.87
2023-11-27 14:30:00+00:00,436.4,437.2,435.6,436.0,435,182,436.43
2023-11-27 15:30:00+00:00,436.0,438.0,435.2,437.5,3411,1632,436.61
2023-11-27 15:45:00+00:00,437.8,437.9,435.8,436.7,1379,671,437.05
2023-11-27 16:00:00+00:00,436.9,437.3,434.7,434.7,1534,694,436.19
2023-11-27 16:15:00+00:00,434.8,434.8,433.3,433.9,1778,696,434.13
2023-11-27 16:30:00+00:00,434.0,435.6,433.6,435.6,1527,558,434.48
2023-11-27 16:45:00+00:00,435.5,437.1,434.1,434.2,1232,512,435.4
2023-11-27 17:00:00+00:00,434.2,435.8,434.0,435.0,1301,528,434.81
2023-11-27 17:15:00+00:00,435.2,435.7,434.7,434.8,1361,550,435.11
2023-11-27 17:30:00+00:00,434.9,435.8,434.5,435.1,1400,475,434.9
2023-11-27 17:45:00+00:00,435.1,435.3,434.4,434.5,821,321,434.85
2023-11-27 18:00:00+00:00,434.6,435.6,434.1,434.6,703,311,434.7
2023-11-27 18:15:00+00:00,434.7,437.0,434.5,437.0,649,271,435.55
2023-11-27 18:30:00+00:00,437.1,438.3,436.5,438.1,1001,404,437.56
2023-11-27 18:45:00+00:00,438.1,438.6,436.2,436.5,1184,539,437.75
2023-11-27 19:00:00+00:00,436.6,436.7,436.2,436.4,552,276,436.36
2023-11-27 19:15:00+00:00,436.5,437.6,436.5,437.6,539,247,437.06
2023-11-27 19:30:00+00:00,437.5,439.5,436.5,437.1,3053,954,438.15
2023-11-27 19:45:00+00:00,437.1,438.1,436.3,436.3,1698,701,437.25
2023-11-27 20:00:00+00:00,436.3,437.0,435.1,436.9,3387,1256,436.08
2023-11-27 20:15:00+00:00,436.9,437.8,436.4,436.5,835,254,437.04
