date,open,high,low,close,volume,barCount,average
2023-07-31 02:00:00+00:00,62.4,62.46,61.86,61.86,537,380,62.209
2023-07-31 02:15:00+00:00,61.89,62.05,61.89,61.92,95,75,61.986
2023-07-31 02:30:00+00:00,61.94,62.0,61.68,61.73,236,131,61.824
2023-07-31 02:45:00+00:00,61.71,61.88,61.7,61.78,84,63,61.806
2023-07-31 03:00:00+00:00,61.79,61.81,61.53,61.6,177,147,61.641
2023-07-31 03:15:00+00:00,61.6,61.62,61.49,61.53,150,107,61.559
2023-07-31 03:30:00+00:00,61.5,61.58,61.48,61.55,72,53,61.537
2023-07-31 03:45:00+00:00,61.55,61.55,61.22,61.33,326,169,61.334
2023-07-31 04:00:00+00:00,61.31,61.4,61.29,61.36,67,51,61.366
2023-07-31 04:15:00+00:00,61.36,61.39,61.21,61.26,131,65,61.308
2023-07-31 04:30:00+00:00,61.25,61.31,61.16,61.31,136,87,61.225
2023-07-31 04:45:00+00:00,61.29,61.31,61.08,61.15,90,66,61.185
2023-07-31 05:00:00+00:00,61.15,61.15,60.81,60.81,269,165,60.986
2023-07-31 05:15:00+00:00,60.82,60.82,60.58,60.58,330,189,60.699
2023-07-31 05:30:00+00:00,60.58,60.61,60.3,60.37,343,223,60.447
2023-07-31 05:45:00+00:00,60.35,60.38,60.32,60.36,132,78,60.356
2023-07-31 06:00:00+00:00,60.36,60.46,60.35,60.43,145,96,60.42
2023-07-31 06:15:00+00:00,60.42,60.52,60.41,60.5,181,84,60.458
2023-07-31 06:30:00+00:00,60.5,60.51,60.33,60.37,136,89,60.395
2023-07-31 06:45:00+00:00,60.34,60.4,60.33,60.36,37,32,60.368
2023-07-31 07:00:00+00:00,60.37,60.39,60.3,60.33,72,50,60.33
2023-07-31 07:15:00+00:00,60.34,60.36,60.3,60.31,39,35,60.327
2023-07-31 07:30:00+00:00,60.3,60.46,60.3,60.4,195,138,60.366
2023-07-31 07:45:00+00:00,60.41,60.45,60.35,60.39,55,45,60.395
2023-07-31 08:00:00+00:00,60.38,60.55,60.38,60.52,217,127,60.474
2023-07-31 08:15:00+00:00,60.5,60.58,60.49,60.54,113,73,60.527
2023-07-31 08:30:00+00:00,60.56,60.64,60.51,60.64,130,74,60.594
2023-07-31 08:45:00+00:00,60.63,60.71,60.58,60.71,97,76,60.65
2023-07-31 09:00:00+00:00,60.73,60.83,60.71,60.83,341,230,60.773
2023-07-31 09:15:00+00:00,60.81,60.86,60.7,60.77,154,117,60.788
2023-07-31 09:30:00+00:00,60.75,60.78,60.52,60.65,199,127,60.687
2023-07-31 09:45:00+00:00,60.62,60.78,60.55,60.73,88,70,60.67
2023-07-31 10:00:00+00:00,60.71,60.88,60.64,60.81,172,129,60.816
2023-07-31 10:15:00+00:00,60.83,61.03,60.83,60.93,277,170,60.921
2023-07-31 10:30:00+00:00,60.94,61.08,60.94,60.95,137,84,61.016
2023-07-31 10:45:00+00:00,60.94,61.06,60.92,60.99,135,97,60.979
2023-07-31 11:00:00+00:00,60.97,60.99,60.72,60.77,141,99,60.822
2023-07-31 11:15:00+00:00,60.78,60.96,60.78,60.88,84,65,60.864
2023-07-31 11:30:00+00:00,60.88,60.99,60.85,60.96,127,93,60.917
2023-07-31 11:45:00+00:00,60.91,61.07,60.91,61.03,65,56,61.009
2023-07-31 12:00:00+00:00,61.02,61.15,61.0,61.09,230,134,61.079
2023-07-31 12:15:00+00:00,61.1,61.11,60.9,60.94,375,163,60.991
2023-07-31 12:30:00+00:00,60.93,61.0,60.89,60.9,102,78,60.955
2023-07-31 12:45:00+00:00,60.9,60.9,60.73,60.75,62,57,60.796
2023-07-31 13:00:00+00:00,60.74,60.89,60.74,60.88,117,70,60.812
2023-07-31 13:15:00+00:00,60.87,60.89,60.77,60.86,97,72,60.84
2023-07-31 13:30:00+00:00,60.83,60.83,60.71,60.8,41,28,60.774
2023-07-31 13:45:00+00:00,60.8,60.84,60.73,60.74,81,52,60.789
2023-07-31 14:00:00+00:00,60.75,60.78,60.52,60.62,351,150,60.607
2023-07-31 14:15:00+00:00,60.62,60.73,60.56,60.67,164,92,60.65
2023-07-31 14:30:00+00:00,60.7,60.77,60.6,60.75,108,89,60.676
2023-07-31 15:30:00+00:00,60.81,60.84,60.3,60.33,3804,2028,60.534
2023-07-31 15:45:00+00:00,60.31,60.54,60.05,60.27,3681,1660,60.277
2023-07-31 16:00:00+00:00,60.28,60.58,60.05,60.56,1255,792,60.278
2023-07-31 16:15:00+00:00,60.58,60.74,60.37,60.71,1003,660,60.58
2023-07-31 16:30:00+00:00,60.7,60.73,60.45,60.66,938,603,60.595
2023-07-31 16:45:00+00:00,60.67,60.71,60.3,60.39,1024,623,60.489
2023-07-31 17:00:00+00:00,60.4,60.4,59.74,59.76,1693,978,60.071
2023-07-31 17:15:00+00:00,59.76,59.96,59.64,59.73,1691,1042,59.779
2023-07-31 17:30:00+00:00,59.72,59.9,59.37,59.81,2650,1326,59.602
2023-07-31 17:45:00+00:00,59.79,60.06,59.79,59.85,1381,775,59.932
2023-07-31 18:00:00+00:00,59.82,59.97,59.76,59.87,873,486,59.872
2023-07-31 18:15:00+00:00,59.88,59.96,59.7,59.75,1309,704,59.789
2023-07-31 18:30:00+00:00,59.74,59.87,59.54,59.54,1080,611,59.708
2023-07-31 18:45:00+00:00,59.53,59.54,59.3,59.5,1963,1102,59.408
2023-07-31 19:00:00+00:00,59.51,59.71,59.42,59.66,865,519,59.557
2023-07-31 19:15:00+00:00,59.66,59.9,59.57,59.89,875,489,59.745
2023-07-31 19:30:00+00:00,59.9,60.0,59.75,59.96,1047,578,59.894
2023-07-31 19:45:00+00:00,59.96,60.1,59.8,59.81,1228,687,59.976
2023-07-31 20:00:00+00:00,59.81,60.04,59.66,59.99,3831,1916,59.89
2023-07-31 20:15:00+00:00,59.99,60.11,59.97,60.05,615,315,60.039
2023-08-01 02:00:00+00:00,59.99,60.21,59.86,60.21,536,275,59.997
2023-08-01 02:15:00+00:00,60.25,60.29,60.19,60.29,33,30,60.238
2023-08-01 02:30:00+00:00,60.27,60.35,60.26,60.31,19,18,60.306
2023-08-01 02:45:00+00:00,60.33,60.41,60.19,60.19,115,60,60.318
2023-08-01 03:00:00+00:00,60.22,60.43,60.19,60.43,262,142,60.326
2023-08-01 03:15:00+00:00,60.41,60.41,60.21,60.23,91,71,60.311
2023-08-01 03:30:00+00:00,60.23,60.3,60.2,60.26,99,84,60.249
2023-08-01 03:45:00+00:00,60.26,60.32,60.23,60.32,63,39,60.288
2023-08-01 04:00:00+00:00,60.29,60.32,60.23,60.3,41,23,60.276
2023-08-01 04:15:00+00:00,60.26,60.28,60.2,60.28,39,34,60.226
2023-08-01 04:30:00+00:00,60.28,60.31,60.22,60.26,38,29,60.265
2023-08-01 04:45:00+00:00,60.27,60.32,60.25,60.25,6,6,60.295
2023-08-01 05:00:00+00:00,60.25,60.46,60.25,60.45,117,94,60.364
2023-08-01 05:15:00+00:00,60.44,60.44,60.38,60.4,77,50,60.413
2023-08-01 05:30:00+00:00,60.4,60.4,60.37,60.37,26,23,60.39
2023-08-01 05:45:00+00:00,60.37,60.4,60.35,60.38,39,26,60.374
2023-08-01 06:00:00+00:00,60.39,60.39,60.35,60.38,9,8,60.372
2023-08-01 06:15:00+00:00,60.38,60.42,60.37,60.42,8,8,60.394
2023-08-01 06:30:00+00:00,60.42,60.45,60.41,60.43,55,38,60.429
2023-08-01 06:45:00+00:00,60.43,60.49,60.43,60.48,28,24,60.452
2023-08-01 07:00:00+00:00,60.48,60.52,60.37,60.39,78,55,60.44
2023-08-01 07:15:00+00:00,60.35,60.38,60.31,60.37,61,44,60.346
2023-08-01 07:30:00+00:00,60.39,60.45,60.38,60.39,63,46,60.404
2023-08-01 07:45:00+00:00,60.41,60.42,60.36,60.39,67,58,60.388
2023-08-01 08:00:00+00:00,60.39,60.43,60.38,60.39,92,81,60.399
2023-08-01 08:15:00+00:00,60.4,60.46,60.35,60.43,66,52,60.398
2023-08-01 08:30:00+00:00,60.44,60.49,60.41,60.48,70,58,60.448
2023-08-01 08:45:00+00:00,60.49,60.51,60.37,60.43,179,127,60.459
2023-08-01 09:00:00+00:00,60.42,60.45,60.35,60.38,141,110,60.406
2023-08-01 09:15:00+00:00,60.38,60.43,60.38,60.4,99,60,60.411
2023-08-01 09:30:00+00:00,60.42,60.42,60.24,60.24,126,85,60.291
2023-08-01 09:45:00+00:00,60.24,60.31,60.19,60.23,153,124,60.236
2023-08-01 10:00:00+00:00,60.22,60.33,60.19,60.27,73,63,60.266
2023-08-01 10:15:00+00:00,60.34,60.35,60.25,60.3,40,36,60.3
2023-08-01 10:30:00+00:00,60.29,60.33,60.24,60.27,67,58,60.28
2023-08-01 10:45:00+00:00,60.26,60.31,60.13,60.18,111,82,60.21
2023-08-01 11:00:00+00:00,60.18,60.18,59.87,59.94,370,221,59.981
2023-08-01 11:15:00+00:00,59.93,59.97,59.8,59.88,151,104,59.873
2023-08-01 11:30:00+00:00,59.9,60.01,59.9,59.94,140,91,59.93
2023-08-01 11:45:00+00:00,59.94,60.0,59.9,59.99,140,96,59.938
2023-08-01 12:00:00+00:00,60.0,60.07,59.95,60.01,356,150,60.015
2023-08-01 12:15:00+00:00,60.02,60.19,60.01,60.17,142,69,60.071
2023-08-01 12:30:00+00:00,60.11,60.19,60.09,60.14,52,41,60.134
2023-08-01 12:45:00+00:00,60.16,60.19,60.1,60.1,101,69,60.165
2023-08-01 13:00:00+00:00,60.1,60.26,60.07,60.21,95,68,60.15
2023-08-01 13:15:00+00:00,60.17,60.21,60.12,60.2,38,38,60.164
2023-08-01 13:30:00+00:00,60.18,60.2,60.09,60.11,138,99,60.16
2023-08-01 13:45:00+00:00,60.13,60.4,60.13,60.37,304,190,60.33
2023-08-01 14:00:00+00:00,60.36,60.44,60.26,60.3,334,176,60.364
2023-08-01 14:15:00+00:00,60.31,60.31,60.0,60.03,138,110,60.122
2023-08-01 14:30:00+00:00,60.03,60.22,60.01,60.1,114,82,60.118
2023-08-01 15:30:00+00:00,60.1,60.14,59.09,59.35,5808,3176,59.52
2023-08-01 15:45:00+00:00,59.36,59.7,59.19,59.67,2668,1579,59.469
2023-08-01 16:00:00+00:00,59.68,60.11,59.56,60.09,2490,1510,59.785
2023-08-01 16:15:00+00:00,60.09,60.11,59.64,59.68,1431,898,59.874
2023-08-01 16:30:00+00:00,59.68,59.71,59.32,59.36,1776,1067,59.515
2023-08-01 16:45:00+00:00,59.35,59.85,59.28,59.77,1241,871,59.472
2023-08-01 17:00:00+00:00,59.77,59.85,59.55,59.64,720,468,59.751
2023-08-01 17:15:00+00:00,59.64,59.92,59.48,59.9,626,392,59.69
2023-08-01 17:30:00+00:00,59.9,60.23,59.9,60.04,1468,786,60.096
2023-08-01 17:45:00+00:00,60.05,60.49,59.96,60.2,1720,901,60.271
2023-08-01 18:00:00+00:00,60.21,60.34,60.07,60.16,941,601,60.224
2023-08-01 18:15:00+00:00,60.14,60.14,59.81,59.98,543,299,59.949
2023-08-01 18:30:00+00:00,59.98,60.28,59.94,60.25,634,423,60.138
2023-08-01 18:45:00+00:00,60.26,60.41,60.26,60.33,628,417,60.335
2023-08-01 19:00:00+00:00,60.33,60.38,60.17,60.33,399,280,60.283
2023-08-01 19:15:00+00:00,60.32,60.47,60.3,60.47,754,516,60.38
2023-08-01 19:30:00+00:00,60.47,60.7,60.45,60.66,1917,851,60.603
2023-08-01 19:45:00+00:00,60.64,60.75,60.56,60.7,991,595,60.647
2023-08-01 20:00:00+00:00,60.71,60.92,60.68,60.84,2511,1240,60.796
2023-08-01 20:15:00+00:00,60.85,61.04,60.84,61.02,922,397,60.94
2023-08-02 02:00:00+00:00,60.83,61.17,60.83,60.93,329,216,61.048
2023-08-02 02:15:00+00:00,61.0,61.07,60.95,61.04,48,34,61.007
2023-08-02 02:30:00+00:00,61.05,61.25,61.05,61.2,309,188,61.153
2023-08-02 02:45:00+00:00,61.2,61.25,61.15,61.16,94,48,61.206
2023-08-02 03:00:00+00:00,61.16,61.19,60.86,61.05,243,114,60.992
2023-08-02 03:15:00+00:00,61.04,61.11,61.02,61.1,53,48,61.068
2023-08-02 03:30:00+00:00,61.11,61.23,61.08,61.18,254,130,61.186
2023-08-02 03:45:00+00:00,61.2,61.2,61.12,61.19,83,65,61.158
2023-08-02 04:00:00+00:00,61.18,61.21,61.01,61.05,174,103,61.114
2023-08-02 04:15:00+00:00,61.06,61.08,60.95,61.03,67,41,61.017
2023-08-02 04:30:00+00:00,61.05,61.13,61.01,61.06,164,104,61.088
2023-08-02 04:45:00+00:00,61.08,61.16,61.06,61.14,228,108,61.126
2023-08-02 05:00:00+00:00,61.13,61.13,60.99,60.99,43,35,61.08
2023-08-02 05:15:00+00:00,61.08,61.08,61.05,61.05,5,4,61.068
2023-08-02 05:30:00+00:00,61.04,61.08,61.04,61.06,11,10,61.056
2023-08-02 05:45:00+00:00,61.08,61.08,61.07,61.07,4,3,61.078
2023-08-02 06:00:00+00:00,61.05,61.14,61.04,61.14,15,11,61.081
2023-08-02 06:15:00+00:00,61.14,61.14,61.07,61.07,10,8,61.103
2023-08-02 06:30:00+00:00,61.05,61.1,61.0,61.09,69,52,61.068
2023-08-02 06:45:00+00:00,61.07,61.12,61.05,61.07,148,88,61.081
2023-08-02 07:00:00+00:00,61.09,61.13,61.05,61.11,57,36,61.081
2023-08-02 07:15:00+00:00,61.11,61.15,61.05,61.12,68,40,61.109
2023-08-02 07:30:00+00:00,61.09,61.19,61.08,61.1,146,80,61.152
2023-08-02 07:45:00+00:00,61.11,61.18,61.09,61.1,79,54,61.132
2023-08-02 08:00:00+00:00,61.1,61.19,61.07,61.14,55,35,61.134
2023-08-02 08:15:00+00:00,61.15,61.18,61.12,61.12,54,35,61.146
2023-08-02 08:30:00+00:00,61.16,61.22,61.05,61.08,181,92,61.172
2023-08-02 08:45:00+00:00,61.07,61.18,60.97,61.17,99,81,61.058
2023-08-02 09:00:00+00:00,61.15,61.22,61.05,61.19,261,106,61.171
2023-08-02 09:15:00+00:00,61.18,61.22,60.95,60.95,91,59,61.077
2023-08-02 09:30:00+00:00,60.95,60.97,60.84,60.93,167,86,60.913
2023-08-02 09:45:00+00:00,60.94,60.96,60.45,60.48,360,216,60.767
2023-08-02 10:00:00+00:00,60.5,60.71,60.47,60.56,518,170,60.59
2023-08-02 10:15:00+00:00,60.58,60.84,60.54,60.84,156,87,60.697
2023-08-02 10:30:00+00:00,60.8,60.91,60.76,60.9,70,52,60.822
2023-08-02 10:45:00+00:00,60.86,60.92,60.75,60.89,37,30,60.848
2023-08-02 11:00:00+00:00,60.9,60.9,60.78,60.82,36,30,60.853
2023-08-02 11:15:00+00:00,60.82,60.82,60.68,60.76,27,25,60.736
2023-08-02 11:30:00+00:00,60.75,60.75,60.6,60.61,79,43,60.654
2023-08-02 11:45:00+00:00,60.66,60.7,60.58,60.63,21,21,60.639
2023-08-02 12:00:00+00:00,60.64,60.75,60.64,60.69,23,20,60.681
2023-08-02 12:15:00+00:00,60.68,60.73,60.57,60.7,86,41,60.638
2023-08-02 12:30:00+00:00,60.7,60.75,60.61,60.69,85,55,60.687
2023-08-02 12:45:00+00:00,60.61,60.73,60.59,60.69,169,86,60.693
2023-08-02 13:00:00+00:00,60.68,60.81,60.61,60.63,207,96,60.696
2023-08-02 13:15:00+00:00,60.65,60.65,60.57,60.57,35,25,60.595
2023-08-02 13:30:00+00:00,60.57,60.64,60.48,60.53,333,174,60.569
2023-08-02 13:45:00+00:00,60.55,60.57,60.32,60.33,118,75,60.429
2023-08-02 14:00:00+00:00,60.38,60.62,60.33,60.47,184,113,60.429
2023-08-02 14:15:00+00:00,60.48,60.61,60.37,60.61,170,91,60.526
2023-08-02 14:30:00+00:00,60.62,60.65,60.46,60.58,139,94,60.577
2023-08-02 15:30:00+00:00,60.51,60.54,60.06,60.24,2664,1657,60.265
2023-08-02 15:45:00+00:00,60.24,60.74,60.12,60.51,1795,1225,60.435
2023-08-02 16:00:00+00:00,60.51,60.82,60.37,60.62,1338,764,60.621
2023-08-02 16:15:00+00:00,60.63,61.05,60.54,61.02,2581,1318,60.849
2023-08-02 16:30:00+00:00,61.03,61.23,60.48,60.64,2083,1268,60.978
2023-08-02 16:45:00+00:00,60.64,60.75,60.28,60.41,1016,650,60.474
2023-08-02 17:00:00+00:00,60.41,60.86,60.34,60.86,1516,913,60.61
2023-08-02 17:15:00+00:00,60.86,61.12,60.67,60.82,1382,890,60.944
2023-08-02 17:30:00+00:00,60.82,60.9,60.52,60.76,762,397,60.722
2023-08-02 17:45:00+00:00,60.78,60.83,60.65,60.68,356,258,60.733
2023-08-02 18:00:00+00:00,60.68,60.97,60.67,60.8,763,462,60.84
2023-08-02 18:15:00+00:00,60.81,61.04,60.74,60.8,492,327,60.91
2023-08-02 18:30:00+00:00,60.83,61.01,60.77,60.99,289,204,60.877
2023-08-02 18:45:00+00:00,61.0,61.02,60.77,60.96,740,378,60.904
2023-08-02 19:00:00+00:00,60.98,61.01,60.75,60.77,793,452,60.912
2023-08-02 19:15:00+00:00,60.77,60.78,60.45,60.5,584,377,60.605
2023-08-02 19:30:00+00:00,60.5,60.69,60.45,60.6,883,572,60.562
2023-08-02 19:45:00+00:00,60.61,60.73,60.59,60.6,552,373,60.662
2023-08-02 20:00:00+00:00,60.61,60.78,60.52,60.68,1650,952,60.691
2023-08-02 20:15:00+00:00,60.69,60.76,60.6,60.65,499,318,60.682
2023-08-03 02:00:00+00:00,60.68,60.71,60.42,60.61,555,217,60.596
2023-08-03 02:15:00+00:00,60.61,60.61,60.48,60.49,80,33,60.551
2023-08-03 02:30:00+00:00,60.5,60.53,60.46,60.53,132,87,60.504
2023-08-03 02:45:00+00:00,60.57,60.63,60.57,60.6,12,12,60.598
2023-08-03 03:00:00+00:00,60.58,60.58,60.49,60.58,59,44,60.53
2023-08-03 03:15:00+00:00,60.56,60.71,60.56,60.64,83,60,60.679
2023-08-03 03:30:00+00:00,60.65,60.65,60.55,60.64,33,27,60.611
2023-08-03 03:45:00+00:00,60.66,60.74,60.66,60.68,38,33,60.712
2023-08-03 04:00:00+00:00,60.69,60.7,60.56,60.61,53,31,60.619
2023-08-03 04:15:00+00:00,60.57,60.58,60.57,60.58,3,3,60.573
2023-08-03 04:30:00+00:00,60.61,60.61,60.53,60.56,18,14,60.585
2023-08-03 04:45:00+00:00,60.59,60.59,60.49,60.49,8,8,60.547
2023-08-03 05:00:00+00:00,60.49,60.51,60.36,60.43,72,41,60.415
2023-08-03 05:15:00+00:00,60.44,60.44,60.33,60.35,53,41,60.407
2023-08-03 05:30:00+00:00,60.37,60.37,60.3,60.3,40,27,60.324
2023-08-03 05:45:00+00:00,60.3,60.41,60.3,60.41,13,12,60.352
2023-08-03 06:00:00+00:00,60.39,60.39,60.33,60.36,22,14,60.35
2023-08-03 06:15:00+00:00,60.37,60.39,60.33,60.33,17,17,60.349
2023-08-03 06:30:00+00:00,60.33,60.33,60.25,60.26,95,50,60.301
2023-08-03 06:45:00+00:00,60.27,60.28,60.25,60.25,32,20,60.266
2023-08-03 07:00:00+00:00,60.25,60.28,60.21,60.28,79,42,60.235
2023-08-03 07:15:00+00:00,60.28,60.28,60.19,60.2,67,41,60.242
2023-08-03 07:30:00+00:00,60.21,60.31,60.19,60.23,48,32,60.238
2023-08-03 07:45:00+00:00,60.24,60.25,60.19,60.23,26,22,60.222
2023-08-03 08:00:00+00:00,60.33,60.38,60.24,60.27,214,141,60.303
2023-08-03 08:15:00+00:00,60.26,60.39,60.26,60.28,160,99,60.323
2023-08-03 08:30:00+00:00,60.28,60.29,60.07,60.11,191,123,60.158
2023-08-03 08:45:00+00:00,60.11,60.11,59.92,60.06,344,171,60.003
2023-08-03 09:00:00+00:00,60.06,60.15,59.98,60.14,414,236,60.065
2023-08-03 09:15:00+00:00,60.13,60.17,60.08,60.13,263,190,60.125
2023-08-03 09:30:00+00:00,60.14,60.23,60.08,60.18,185,113,60.156
2023-08-03 09:45:00+00:00,60.18,60.18,59.95,59.99,159,116,60.013
2023-08-03 10:00:00+00:00,59.98,60.23,59.96,60.15,156,113,60.113
2023-08-03 10:15:00+00:00,60.18,60.24,60.16,60.23,81,51,60.201
2023-08-03 10:30:00+00:00,60.23,60.33,60.17,60.23,156,93,60.249
2023-08-03 10:45:00+00:00,60.23,60.31,60.15,60.29,134,69,60.246
2023-08-03 11:00:00+00:00,60.31,60.42,60.27,60.33,310,158,60.345
2023-08-03 11:15:00+00:00,60.3,60.32,60.1,60.1,64,43,60.218
2023-08-03 11:30:00+00:00,60.13,60.16,60.06,60.16,28,19,60.121
2023-08-03 11:45:00+00:00,60.14,60.26,60.11,60.23,33,25,60.187
2023-08-03 12:00:00+00:00,60.23,60.29,60.19,60.22,20,15,60.232
2023-08-03 12:15:00+00:00,60.27,60.28,60.13,60.14,39,33,60.194
2023-08-03 12:30:00+00:00,60.15,60.28,60.14,60.28,41,29,60.21
2023-08-03 12:45:00+00:00,60.26,60.32,60.25,60.28,29,21,60.301
2023-08-03 13:00:00+00:00,60.31,60.48,60.28,60.46,198,92,60.424
2023-08-03 13:15:00+00:00,60.46,60.47,60.36,60.4,80,58,60.411
2023-08-03 13:30:00+00:00,60.38,60.41,60.32,60.34,30,28,60.352
2023-08-03 13:45:00+00:00,60.36,60.43,60.32,60.35,183,102,60.382
2023-08-03 14:00:00+00:00,60.35,60.39,60.3,60.37,76,54,60.337
2023-08-03 14:15:00+00:00,60.37,60.47,60.37,60.41,59,49,60.424
2023-08-03 14:30:00+00:00,60.41,60.41,60.27,60.28,298,155,60.32
2023-08-03 15:30:00+00:00,60.44,60.48,59.74,59.87,3921,1960,60.052
2023-08-03 15:45:00+00:00,59.88,59.9,59.44,59.45,3913,2148,59.662
2023-08-03 16:00:00+00:00,59.45,60.15,59.44,59.8,2255,1222,59.822
2023-08-03 16:15:00+00:00,59.8,60.02,59.69,59.96,595,407,59.864
2023-08-03 16:30:00+00:00,59.97,60.13,59.8,60.07,1052,722,59.967
2023-08-03 16:45:00+00:00,60.06,60.07,59.78,59.83,902,520,59.896
2023-08-03 17:00:00+00:00,59.83,60.01,59.7,59.85,846,585,59.869
2023-08-03 17:15:00+00:00,59.85,60.03,59.75,59.97,803,504,59.859
2023-08-03 17:30:00+00:00,59.95,60.0,59.75,59.77,769,440,59.86
2023-08-03 17:45:00+00:00,59.76,59.97,59.63,59.86,1145,568,59.772
2023-08-03 18:00:00+00:00,59.83,60.15,59.79,60.14,391,255,59.986
2023-08-03 18:15:00+00:00,60.13,60.48,60.11,60.43,1000,601,60.293
2023-08-03 18:30:00+00:00,60.43,60.57,60.36,60.55,1143,690,60.478
2023-08-03 18:45:00+00:00,60.56,60.72,60.27,60.29,1913,924,60.566
2023-08-03 19:00:00+00:00,60.29,60.39,60.05,60.06,1178,708,60.172
2023-08-03 19:15:00+00:00,60.05,60.17,59.97,60.08,1009,592,60.066
2023-08-03 19:30:00+00:00,60.08,60.24,59.93,60.04,893,446,60.088
2023-08-03 19:45:00+00:00,60.03,60.09,59.95,59.99,854,521,60.033
2023-08-03 20:00:00+00:00,59.97,60.09,59.93,60.08,1716,895,60.013
2023-08-03 20:15:00+00:00,60.07,60.21,60.03,60.18,770,378,60.117
2023-08-04 02:00:00+00:00,60.15,60.3,60.06,60.17,286,187,60.154
2023-08-04 02:15:00+00:00,60.18,60.28,60.15,60.28,66,45,60.185
2023-08-04 02:30:00+00:00,60.29,60.35,60.24,60.35,48,25,60.283
2023-08-04 02:45:00+00:00,60.35,60.4,60.33,60.4,81,53,60.37
2023-08-04 03:00:00+00:00,60.41,60.67,60.41,60.65,269,179,60.536
2023-08-04 03:15:00+00:00,60.62,60.67,60.6,60.64,43,26,60.633
2023-08-04 03:30:00+00:00,60.66,60.74,60.63,60.66,70,40,60.687
2023-08-04 03:45:00+00:00,60.66,60.66,60.55,60.56,80,49,60.573
2023-08-04 04:00:00+00:00,60.57,60.61,60.54,60.59,23,17,60.59
2023-08-04 04:15:00+00:00,60.61,60.61,60.57,60.58,22,17,60.584
2023-08-04 04:30:00+00:00,60.57,60.67,60.53,60.67,42,40,60.612
2023-08-04 04:45:00+00:00,60.68,60.7,60.64,60.67,29,23,60.676
2023-08-04 05:00:00+00:00,60.68,60.86,60.66,60.82,151,74,60.804
2023-08-04 05:15:00+00:00,60.81,60.84,60.71,60.76,98,64,60.76
2023-08-04 05:30:00+00:00,60.77,60.86,60.77,60.81,38,26,60.813
2023-08-04 05:45:00+00:00,60.84,60.94,60.84,60.87,141,50,60.899
2023-08-04 06:00:00+00:00,60.88,60.93,60.88,60.92,23,18,60.911
2023-08-04 06:15:00+00:00,60.9,60.9,60.86,60.87,16,13,60.877
2023-08-04 06:30:00+00:00,60.89,60.93,60.86,60.86,13,12,60.891
2023-08-04 06:45:00+00:00,60.88,60.89,60.88,60.89,3,3,60.883
2023-08-04 07:00:00+00:00,60.86,60.94,60.84,60.89,31,22,60.895
2023-08-04 07:15:00+00:00,60.9,60.94,60.9,60.93,59,28,60.929
2023-08-04 07:30:00+00:00,60.94,61.0,60.9,60.91,215,146,60.943
2023-08-04 07:45:00+00:00,60.9,61.04,60.9,60.97,321,215,60.982
2023-08-04 08:00:00+00:00,60.97,60.98,60.88,60.91,135,105,60.929
2023-08-04 08:15:00+00:00,60.92,60.98,60.82,60.93,131,92,60.92
2023-08-04 08:30:00+00:00,60.92,60.92,60.77,60.79,240,128,60.829
2023-08-04 08:45:00+00:00,60.77,60.83,60.73,60.77,272,166,60.774
2023-08-04 09:00:00+00:00,60.77,60.81,60.67,60.78,95,75,60.74
2023-08-04 09:15:00+00:00,60.77,61.11,60.77,60.99,373,199,60.973
2023-08-04 09:30:00+00:00,61.0,61.0,60.83,60.92,216,107,60.903
2023-08-04 09:45:00+00:00,60.9,61.33,60.9,61.24,392,174,61.155
2023-08-04 10:00:00+00:00,61.21,61.28,61.15,61.19,182,89,61.237
2023-08-04 10:15:00+00:00,61.2,61.25,61.05,61.06,113,67,61.153
2023-08-04 10:30:00+00:00,61.06,61.08,60.94,61.0,88,54,61.025
2023-08-04 10:45:00+00:00,61.01,61.13,61.01,61.02,45,33,61.076
2023-08-04 11:00:00+00:00,61.09,61.15,60.97,60.97,96,47,61.098
2023-08-04 11:15:00+00:00,61.0,61.1,60.97,61.04,160,107,61.032
2023-08-04 11:30:00+00:00,61.05,61.05,60.93,61.03,89,47,60.988
2023-08-04 11:45:00+00:00,61.02,61.04,60.98,61.04,23,15,61.002
2023-08-04 12:00:00+00:00,61.05,61.14,61.05,61.12,89,49,61.108
2023-08-04 12:15:00+00:00,61.13,61.2,61.1,61.1,109,66,61.146
2023-08-04 12:30:00+00:00,61.11,61.18,61.04,61.05,172,60,61.111
2023-08-04 12:45:00+00:00,61.07,61.07,60.99,61.04,22,22,61.031
2023-08-04 13:00:00+00:00,61.01,61.02,60.95,61.02,160,55,60.986
2023-08-04 13:15:00+00:00,61.01,61.1,60.98,61.09,95,39,61.018
2023-08-04 13:30:00+00:00,61.09,61.17,60.94,60.95,269,131,61.062
2023-08-04 13:45:00+00:00,60.97,61.0,60.79,60.79,281,191,60.895
2023-08-04 14:00:00+00:00,60.82,60.84,60.6,60.6,174,128,60.732
2023-08-04 14:15:00+00:00,60.61,60.75,60.61,60.69,231,171,60.693
2023-08-04 14:30:00+00:00,60.7,60.72,60.41,60.58,503,259,60.589
2023-08-04 15:30:00+00:00,60.58,60.94,60.34,60.91,2820,1827,60.628
2023-08-04 15:45:00+00:00,60.94,61.03,60.65,60.73,1802,1103,60.873
2023-08-04 16:00:00+00:00,60.73,61.14,60.65,61.09,1188,732,60.904
2023-08-04 16:15:00+00:00,61.11,61.21,60.98,61.03,1124,695,61.123
2023-08-04 16:30:00+00:00,61.05,61.16,60.93,61.07,1554,921,61.058
2023-08-04 16:45:00+00:00,61.07,61.47,60.96,61.44,2027,1168,61.242
2023-08-04 17:00:00+00:00,61.44,61.61,61.24,61.33,2038,1079,61.419
2023-08-04 17:15:00+00:00,61.34,61.38,61.14,61.33,908,631,61.267
2023-08-04 17:30:00+00:00,61.33,61.42,61.19,61.24,776,513,61.306
2023-08-04 17:45:00+00:00,61.25,61.37,61.17,61.23,524,337,61.269
2023-08-04 18:00:00+00:00,61.22,61.47,61.22,61.43,1581,1034,61.378
2023-08-04 18:15:00+00:00,61.44,61.54,61.31,61.38,533,375,61.451
2023-08-04 18:30:00+00:00,61.38,61.53,61.38,61.5,368,275,61.457
2023-08-04 18:45:00+00:00,61.5,61.57,61.43,61.48,1149,612,61.488
2023-08-04 19:00:00+00:00,61.47,61.56,61.31,61.51,851,530,61.435
2023-08-04 19:15:00+00:00,61.52,61.55,61.44,61.46,458,285,61.501
2023-08-04 19:30:00+00:00,61.47,61.63,61.44,61.53,782,495,61.532
2023-08-04 19:45:00+00:00,61.53,61.67,61.51,61.66,1116,668,61.613
2023-08-04 20:00:00+00:00,61.66,61.72,61.46,61.51,3110,1447,61.584
2023-08-04 20:15:00+00:00,61.51,61.54,61.43,61.46,624,254,61.495
2023-08-07 02:00:00+00:00,61.54,61.65,61.14,61.27,1356,773,61.433
2023-08-07 02:15:00+00:00,61.26,61.31,61.17,61.26,65,50,61.259
2023-08-07 02:30:00+00:00,61.3,61.3,61.0,61.09,294,167,61.082
2023-08-07 02:45:00+00:00,61.1,61.13,60.96,61.11,97,50,61.013
2023-08-07 03:00:00+00:00,61.13,61.14,60.96,61.03,171,98,61.047
2023-08-07 03:15:00+00:00,60.98,61.1,60.97,61.0,61,32,61.015
2023-08-07 03:30:00+00:00,60.99,61.1,60.94,61.02,48,34,61.019
2023-08-07 03:45:00+00:00,61.03,61.11,61.03,61.03,21,21,61.074
2023-08-07 04:00:00+00:00,61.05,61.08,60.88,60.88,82,52,60.941
2023-08-07 04:15:00+00:00,60.89,60.95,60.81,60.86,187,86,60.856
2023-08-07 04:30:00+00:00,60.85,60.86,60.71,60.83,86,66,60.792
2023-08-07 04:45:00+00:00,60.9,60.95,60.85,60.91,71,41,60.905
2023-08-07 05:00:00+00:00,60.89,60.93,60.89,60.93,20,20,60.907
2023-08-07 05:15:00+00:00,60.92,60.93,60.89,60.89,7,7,60.904
2023-08-07 05:30:00+00:00,60.88,60.89,60.85,60.88,15,14,60.869
2023-08-07 05:45:00+00:00,60.89,60.89,60.87,60.87,12,10,60.873
2023-08-07 06:00:00+00:00,60.87,60.89,60.86,60.87,14,12,60.873
2023-08-07 06:15:00+00:00,60.87,60.87,60.79,60.84,87,54,60.827
2023-08-07 06:30:00+00:00,60.83,60.83,60.7,60.73,192,80,60.717
2023-08-07 06:45:00+00:00,60.74,60.77,60.74,60.76,19,12,60.754
2023-08-07 07:00:00+00:00,60.75,60.77,60.71,60.75,13,13,60.748
2023-08-07 07:15:00+00:00,60.75,60.82,60.75,60.76,64,26,60.778
2023-08-07 07:30:00+00:00,60.77,60.85,60.7,60.79,233,100,60.762
2023-08-07 07:45:00+00:00,60.78,60.9,60.78,60.85,65,45,60.857
2023-08-07 08:00:00+00:00,60.84,60.94,60.84,60.93,64,38,60.882
2023-08-07 08:15:00+00:00,60.92,61.01,60.88,60.96,346,162,60.969
2023-08-07 08:30:00+00:00,60.95,61.05,60.92,60.98,136,87,60.98
2023-08-07 08:45:00+00:00,60.97,60.98,60.91,60.95,29,27,60.942
2023-08-07 09:00:00+00:00,60.96,61.05,60.92,61.05,67,55,60.983
2023-08-07 09:15:00+00:00,61.04,61.1,61.03,61.07,65,48,61.075
2023-08-07 09:30:00+00:00,61.07,61.19,61.02,61.09,342,251,61.098
2023-08-07 09:45:00+00:00,61.08,61.09,60.9,60.93,176,101,60.962
2023-08-07 10:00:00+00:00,60.91,60.97,60.79,60.81,238,168,60.896
2023-08-07 10:15:00+00:00,60.82,60.88,60.79,60.8,142,96,60.833
2023-08-07 10:30:00+00:00,60.79,60.82,60.7,60.75,184,67,60.769
2023-08-07 10:45:00+00:00,60.73,60.74,60.62,60.72,327,156,60.696
2023-08-07 11:00:00+00:00,60.72,60.92,60.72,60.89,87,70,60.84
2023-08-07 11:15:00+00:00,60.87,60.98,60.86,60.86,99,76,60.882
2023-08-07 11:30:00+00:00,60.86,60.91,60.86,60.87,108,82,60.868
2023-08-07 11:45:00+00:00,60.89,60.91,60.74,60.75,58,54,60.811
2023-08-07 12:00:00+00:00,60.73,60.79,60.72,60.73,35,33,60.746
2023-08-07 12:15:00+00:00,60.71,60.74,60.64,60.67,35,31,60.685
2023-08-07 12:30:00+00:00,60.63,60.7,60.63,60.69,28,22,60.672
2023-08-07 12:45:00+00:00,60.66,60.71,60.65,60.67,26,23,60.673
2023-08-07 13:00:00+00:00,60.67,60.72,60.66,60.69,64,44,60.687
2023-08-07 13:15:00+00:00,60.65,60.74,60.5,60.57,533,186,60.591
2023-08-07 13:30:00+00:00,60.57,60.67,60.54,60.58,112,58,60.62
2023-08-07 13:45:00+00:00,60.57,60.6,60.49,60.55,311,165,60.527
2023-08-07 14:00:00+00:00,60.54,60.62,60.52,60.56,205,125,60.564
2023-08-07 14:15:00+00:00,60.53,60.55,60.41,60.45,241,162,60.479
2023-08-07 14:30:00+00:00,60.44,60.59,60.4,60.59,338,232,60.462
2023-08-07 15:30:00+00:00,60.58,60.75,60.23,60.5,3035,1850,60.477
2023-08-07 15:45:00+00:00,60.5,60.5,60.09,60.16,1478,869,60.243
2023-08-07 16:00:00+00:00,60.16,60.17,59.93,60.04,1954,1126,60.03
2023-08-07 16:15:00+00:00,60.03,60.09,59.81,59.95,2041,1027,59.953
2023-08-07 16:30:00+00:00,59.94,60.13,59.93,59.96,1582,920,60.016
2023-08-07 16:45:00+00:00,59.95,60.24,59.9,60.1,1485,860,60.109
2023-08-07 17:00:00+00:00,60.11,60.23,59.92,59.99,1498,846,60.083
2023-08-07 17:15:00+00:00,59.95,60.19,59.93,60.02,1638,804,60.047
2023-08-07 17:30:00+00:00,60.02,60.02,59.82,59.95,953,587,59.893
2023-08-07 17:45:00+00:00,59.95,60.03,59.83,59.88,518,377,59.915
2023-08-07 18:00:00+00:00,59.88,59.97,59.69,59.93,1130,643,59.835
2023-08-07 18:15:00+00:00,59.94,60.08,59.78,59.8,921,584,59.89
2023-08-07 18:30:00+00:00,59.8,59.87,59.65,59.68,1541,740,59.763
2023-08-07 18:45:00+00:00,59.68,59.76,59.5,59.64,1580,747,59.621
2023-08-07 19:00:00+00:00,59.64,59.87,59.63,59.83,886,502,59.772
2023-08-07 19:15:00+00:00,59.85,59.96,59.77,59.9,364,215,59.879
2023-08-07 19:30:00+00:00,59.91,60.0,59.8,59.81,846,464,59.924
2023-08-07 19:45:00+00:00,59.8,59.9,59.75,59.87,892,439,59.807
2023-08-07 20:00:00+00:00,59.88,59.95,59.8,59.85,2485,1286,59.871
2023-08-07 20:15:00+00:00,59.85,60.01,59.84,59.97,491,181,59.905
2023-08-08 02:00:00+00:00,59.85,60.0,59.61,59.93,543,232,59.786
2023-08-08 02:15:00+00:00,59.9,59.93,59.85,59.85,24,21,59.892
2023-08-08 02:30:00+00:00,59.83,59.88,59.7,59.78,154,89,59.803
2023-08-08 02:45:00+00:00,59.75,59.78,59.7,59.72,43,33,59.74
2023-08-08 03:00:00+00:00,59.69,59.79,59.58,59.75,319,168,59.698
2023-08-08 03:15:00+00:00,59.76,59.76,59.7,59.73,79,41,59.711
2023-08-08 03:30:00+00:00,59.77,59.78,59.7,59.75,98,21,59.707
2023-08-08 03:45:00+00:00,59.71,59.73,59.6,59.62,175,95,59.628
2023-08-08 04:00:00+00:00,59.65,59.66,59.5,59.57,248,140,59.557
2023-08-08 04:15:00+00:00,59.53,59.58,59.51,59.57,44,35,59.542
2023-08-08 04:30:00+00:00,59.57,59.69,59.5,59.65,67,46,59.542
2023-08-08 04:45:00+00:00,59.66,59.69,59.58,59.67,57,43,59.625
2023-08-08 05:00:00+00:00,59.67,59.76,59.65,59.76,47,29,59.697
2023-08-08 05:15:00+00:00,59.75,59.75,59.63,59.64,12,12,59.673
2023-08-08 05:30:00+00:00,59.64,59.66,59.61,59.61,17,14,59.618
2023-08-08 05:45:00+00:00,59.64,59.7,59.64,59.65,48,26,59.667
2023-08-08 06:00:00+00:00,59.66,59.66,59.61,59.61,10,9,59.636
2023-08-08 06:15:00+00:00,59.62,59.64,59.59,59.59,61,38,59.61
2023-08-08 06:30:00+00:00,59.58,59.68,59.58,59.63,21,19,59.625
2023-08-08 06:45:00+00:00,59.62,59.62,59.57,59.6,11,9,59.595
2023-08-08 07:00:00+00:00,59.6,59.62,59.56,59.6,51,29,59.593
2023-08-08 07:15:00+00:00,59.6,59.61,59.58,59.61,11,9,59.6
2023-08-08 07:30:00+00:00,59.57,59.57,59.5,59.5,195,65,59.52
2023-08-08 07:45:00+00:00,59.51,59.53,59.37,59.4,277,149,59.416
2023-08-08 08:00:00+00:00,59.41,59.41,59.24,59.26,141,92,59.311
2023-08-08 08:15:00+00:00,59.27,59.35,59.25,59.3,262,91,59.299
2023-08-08 08:30:00+00:00,59.32,59.45,59.3,59.37,68,47,59.382
2023-08-08 08:45:00+00:00,59.38,59.39,59.33,59.39,52,39,59.36
2023-08-08 09:00:00+00:00,59.41,59.53,59.36,59.43,113,80,59.455
2023-08-08 09:15:00+00:00,59.4,59.4,59.16,59.22,202,112,59.271
2023-08-08 09:30:00+00:00,59.2,59.25,58.95,59.0,535,266,59.067
2023-08-08 09:45:00+00:00,59.01,59.18,58.99,59.07,153,110,59.093
2023-08-08 10:00:00+00:00,59.06,59.07,58.81,58.88,348,165,58.92
2023-08-08 10:15:00+00:00,58.88,58.91,58.86,58.89,56,33,58.879
2023-08-08 10:30:00+00:00,58.88,58.88,58.75,58.87,218,95,58.793
2023-08-08 10:45:00+00:00,58.87,58.96,58.85,58.9,213,154,58.909
2023-08-08 11:00:00+00:00,58.91,58.91,58.71,58.71,383,250,58.834
2023-08-08 11:15:00+00:00,58.7,58.84,58.7,58.83,147,70,58.787
2023-08-08 11:30:00+00:00,58.82,58.89,58.8,58.89,104,68,58.841
2023-08-08 11:45:00+00:00,58.88,58.95,58.78,58.92,81,56,58.871
2023-08-08 12:00:00+00:00,58.92,58.93,58.74,58.82,333,196,58.828
2023-08-08 12:15:00+00:00,58.81,58.92,58.79,58.88,77,54,58.859
2023-08-08 12:30:00+00:00,58.89,58.96,58.83,58.83,147,107,58.903
2023-08-08 12:45:00+00:00,58.82,58.94,58.8,58.89,107,63,58.874
2023-08-08 13:00:00+00:00,58.9,58.92,58.87,58.9,70,55,58.893
2023-08-08 13:15:00+00:00,58.89,58.97,58.89,58.95,124,76,58.928
2023-08-08 13:30:00+00:00,58.94,58.94,58.73,58.76,366,170,58.802
2023-08-08 13:45:00+00:00,58.75,58.79,58.67,58.72,286,150,58.724
2023-08-08 14:00:00+00:00,58.72,58.72,58.42,58.6,878,383,58.553
2023-08-08 14:15:00+00:00,58.59,58.69,58.54,58.62,356,228,58.621
2023-08-08 14:30:00+00:00,58.64,58.73,58.53,58.66,384,182,58.642
2023-08-08 15:30:00+00:00,58.75,58.8,57.86,58.09,7521,3557,58.23
2023-08-08 15:45:00+00:00,58.07,58.32,58.04,58.13,2493,1408,58.17
2023-08-08 16:00:00+00:00,58.12,58.38,58.06,58.3,1468,819,58.176
2023-08-08 16:15:00+00:00,58.28,58.41,58.1,58.4,1295,684,58.247
2023-08-08 16:30:00+00:00,58.4,58.83,58.39,58.72,1570,814,58.556
2023-08-08 16:45:00+00:00,58.72,58.99,58.72,58.94,1513,839,58.866
2023-08-08 17:00:00+00:00,58.94,59.32,58.93,59.07,2504,1083,59.137
2023-08-08 17:15:00+00:00,59.08,59.48,59.07,59.38,1578,852,59.328
2023-08-08 17:30:00+00:00,59.37,59.63,59.35,59.54,1181,718,59.497
2023-08-08 17:45:00+00:00,59.52,59.71,59.38,59.52,1032,654,59.566
2023-08-08 18:00:00+00:00,59.52,59.86,59.52,59.76,1550,965,59.785
2023-08-08 18:15:00+00:00,59.77,59.99,59.71,59.98,1214,783,59.875
2023-08-08 18:30:00+00:00,59.98,60.17,59.82,60.05,1688,948,59.983
2023-08-08 18:45:00+00:00,60.05,60.24,60.0,60.2,1187,767,60.125
2023-08-08 19:00:00+00:00,60.19,60.51,60.18,60.21,1764,886,60.333
2023-08-08 19:15:00+00:00,60.2,60.3,60.02,60.05,1556,913,60.173
2023-08-08 19:30:00+00:00,60.07,60.34,60.03,60.29,1022,544,60.224
2023-08-08 19:45:00+00:00,60.29,60.31,60.03,60.03,1348,752,60.188
2023-08-08 20:00:00+00:00,60.03,60.17,59.76,59.84,3611,1667,59.886
2023-08-08 20:15:00+00:00,59.84,59.85,59.69,59.73,846,424,59.77
2023-08-09 02:00:00+00:00,59.99,60.16,59.93,59.96,197,143,60.018
2023-08-09 02:15:00+00:00,59.94,60.02,59.94,59.95,24,20,59.973
2023-08-09 02:30:00+00:00,59.97,59.98,59.92,59.94,25,15,59.945
2023-08-09 02:45:00+00:00,59.91,59.91,59.8,59.81,41,31,59.839
2023-08-09 03:00:00+00:00,59.81,60.03,59.7,59.9,326,174,59.914
2023-08-09 03:15:00+00:00,59.89,59.92,59.71,59.71,211,114,59.82
2023-08-09 03:30:00+00:00,59.74,59.83,59.66,59.72,199,96,59.731
2023-08-09 03:45:00+00:00,59.76,59.87,59.76,59.8,80,52,59.829
2023-08-09 04:00:00+00:00,59.8,59.81,59.73,59.79,61,37,59.776
2023-08-09 04:15:00+00:00,59.79,59.83,59.7,59.72,89,46,59.741
2023-08-09 04:30:00+00:00,59.75,59.8,59.69,59.79,30,24,59.734
2023-08-09 04:45:00+00:00,59.78,59.81,59.67,59.68,78,54,59.739
2023-08-09 05:00:00+00:00,59.71,59.77,59.71,59.77,19,16,59.742
2023-08-09 05:15:00+00:00,59.74,59.84,59.74,59.81,49,32,59.804
2023-08-09 05:30:00+00:00,59.81,59.81,59.81,59.81,4,4,59.81
2023-08-09 05:45:00+00:00,59.81,59.81,59.76,59.81,23,13,59.794
2023-08-09 06:00:00+00:00,59.81,59.81,59.79,59.79,8,7,59.804
2023-08-09 06:15:00+00:00,59.77,59.79,59.77,59.78,8,8,59.784
2023-08-09 06:30:00+00:00,59.78,59.85,59.78,59.83,62,34,59.838
2023-08-09 06:45:00+00:00,59.85,59.91,59.85,59.91,21,16,59.868
2023-08-09 07:00:00+00:00,59.9,59.91,59.82,59.82,17,14,59.859
2023-08-09 07:15:00+00:00,59.82,59.89,59.76,59.8,45,34,59.832
2023-08-09 07:30:00+00:00,59.76,59.97,59.76,59.93,74,62,59.901
2023-08-09 07:45:00+00:00,59.97,60.06,59.96,60.04,111,77,60.016
2023-08-09 08:00:00+00:00,60.05,60.14,60.01,60.1,148,94,60.089
2023-08-09 08:15:00+00:00,60.11,60.22,60.08,60.19,260,98,60.169
2023-08-09 08:30:00+00:00,60.17,60.24,60.15,60.18,46,40,60.207
2023-08-09 08:45:00+00:00,60.19,60.25,60.1,60.11,95,64,60.182
2023-08-09 09:00:00+00:00,60.11,60.13,59.97,60.06,91,55,60.066
2023-08-09 09:15:00+00:00,60.02,60.17,60.02,60.17,99,84,60.111
2023-08-09 09:30:00+00:00,60.15,60.26,60.11,60.11,97,73,60.197
2023-08-09 09:45:00+00:00,60.16,60.25,60.15,60.22,54,42,60.204
2023-08-09 10:00:00+00:00,60.22,60.34,60.22,60.24,121,83,60.297
2023-08-09 10:15:00+00:00,60.23,60.23,60.08,60.09,164,110,60.134
2023-08-09 10:30:00+00:00,60.09,60.29,60.09,60.27,250,118,60.199
2023-08-09 10:45:00+00:00,60.22,60.26,60.16,60.2,68,52,60.2
2023-08-09 11:00:00+00:00,60.21,60.35,60.2,60.3,101,74,60.297
2023-08-09 11:15:00+00:00,60.29,60.45,60.29,60.41,207,138,60.383
2023-08-09 11:30:00+00:00,60.42,60.45,60.38,60.38,120,63,60.429
2023-08-09 11:45:00+00:00,60.36,60.44,60.27,60.42,113,66,60.366
2023-08-09 12:00:00+00:00,60.41,60.43,60.25,60.25,70,44,60.374
2023-08-09 12:15:00+00:00,60.24,60.31,60.24,60.26,45,40,60.273
2023-08-09 12:30:00+00:00,60.27,60.32,60.24,60.27,76,54,60.278
2023-08-09 12:45:00+00:00,60.27,60.27,60.13,60.26,103,71,60.21
2023-08-09 13:00:00+00:00,60.24,60.29,60.13,60.18,60,46,60.203
2023-08-09 13:15:00+00:00,60.17,60.26,60.11,60.19,212,128,60.171
2023-08-09 13:30:00+00:00,60.22,60.34,60.19,60.34,75,46,60.273
2023-08-09 13:45:00+00:00,60.34,60.42,60.33,60.37,180,102,60.368
2023-08-09 14:00:00+00:00,60.35,60.47,60.28,60.38,287,133,60.379
2023-08-09 14:15:00+00:00,60.38,60.38,60.19,60.35,184,143,60.227
2023-08-09 14:30:00+00:00,60.34,60.5,60.3,60.36,195,130,60.381
2023-08-09 15:30:00+00:00,60.41,60.8,60.25,60.74,3622,2136,60.564
2023-08-09 15:45:00+00:00,60.73,60.76,60.16,60.16,1853,1061,60.444
2023-08-09 16:00:00+00:00,60.19,60.28,59.8,59.84,1452,758,60.031
2023-08-09 16:15:00+00:00,59.83,60.06,59.57,59.84,2319,1296,59.775
2023-08-09 16:30:00+00:00,59.83,60.72,59.81,60.69,2697,1313,60.342
2023-08-09 16:45:00+00:00,60.68,60.7,60.03,60.09,1974,905,60.359
2023-08-09 17:00:00+00:00,60.08,60.62,60.06,60.54,916,544,60.376
2023-08-09 17:15:00+00:00,60.54,60.67,60.3,60.43,1174,667,60.465
2023-08-09 17:30:00+00:00,60.41,60.5,60.2,60.37,919,532,60.373
2023-08-09 17:45:00+00:00,60.37,60.48,60.23,60.46,345,254,60.343
2023-08-09 18:00:00+00:00,60.44,60.51,60.3,60.4,465,298,60.424
2023-08-09 18:15:00+00:00,60.42,60.44,60.23,60.41,380,266,60.359
2023-08-09 18:30:00+00:00,60.39,60.45,60.34,60.45,595,309,60.394
2023-08-09 18:45:00+00:00,60.45,60.48,60.25,60.44,1044,483,60.382
2023-08-09 19:00:00+00:00,60.44,60.48,60.23,60.36,988,578,60.386
2023-08-09 19:15:00+00:00,60.36,60.45,60.29,60.37,741,437,60.37
2023-08-09 19:30:00+00:00,60.39,60.47,60.36,60.39,584,332,60.406
2023-08-09 19:45:00+00:00,60.38,60.53,60.28,60.42,1091,556,60.426
2023-08-09 20:00:00+00:00,60.43,60.47,60.31,60.45,1734,1047,60.413
2023-08-09 20:15:00+00:00,60.46,60.53,60.46,60.47,315,208,60.492
2023-08-10 02:00:00+00:00,60.43,60.49,60.32,60.33,179,131,60.42
2023-08-10 02:15:00+00:00,60.32,60.33,60.21,60.21,56,27,60.254
2023-08-10 02:30:00+00:00,60.21,60.31,60.21,60.3,20,17,60.266
2023-08-10 02:45:00+00:00,60.27,60.28,60.19,60.27,54,46,60.231
2023-08-10 03:00:00+00:00,60.29,60.57,60.28,60.56,162,120,60.419
2023-08-10 03:15:00+00:00,60.52,60.59,60.41,60.46,93,69,60.497
2023-08-10 03:30:00+00:00,60.49,60.53,60.32,60.4,41,31,60.443
2023-08-10 03:45:00+00:00,60.44,60.45,60.32,60.32,23,21,60.359
2023-08-10 04:00:00+00:00,60.31,60.31,60.25,60.27,27,27,60.281
2023-08-10 04:15:00+00:00,60.26,60.3,60.25,60.25,25,17,60.275
2023-08-10 04:30:00+00:00,60.27,60.29,60.18,60.18,133,75,60.257
2023-08-10 04:45:00+00:00,60.22,60.22,60.06,60.07,87,64,60.144
2023-08-10 05:00:00+00:00,60.08,60.27,60.08,60.17,25,23,60.169
2023-08-10 05:15:00+00:00,60.19,60.26,60.18,60.25,23,15,60.23
2023-08-10 05:30:00+00:00,60.24,60.24,60.08,60.08,35,23,60.139
2023-08-10 05:45:00+00:00,60.1,60.13,60.1,60.12,14,13,60.121
2023-08-10 06:00:00+00:00,60.12,60.16,60.11,60.11,40,29,60.13
2023-08-10 06:15:00+00:00,60.11,60.12,60.09,60.09,23,21,60.099
2023-08-10 06:30:00+00:00,60.1,60.47,60.07,60.36,558,228,60.324
2023-08-10 06:45:00+00:00,60.36,60.36,60.29,60.3,54,42,60.319
2023-08-10 07:00:00+00:00,60.3,60.36,60.25,60.27,48,33,60.294
2023-08-10 07:15:00+00:00,60.27,60.33,60.26,60.33,14,13,60.296
2023-08-10 07:30:00+00:00,60.34,60.49,60.34,60.49,155,100,60.428
2023-08-10 07:45:00+00:00,60.5,60.67,60.5,60.6,147,77,60.613
2023-08-10 08:00:00+00:00,60.6,60.6,60.48,60.59,52,42,60.546
2023-08-10 08:15:00+00:00,60.59,60.62,60.55,60.61,60,34,60.594
2023-08-10 08:30:00+00:00,60.61,60.7,60.52,60.69,214,138,60.598
2023-08-10 08:45:00+00:00,60.69,60.69,60.53,60.53,96,69,60.613
2023-08-10 09:00:00+00:00,60.52,60.67,60.49,60.63,188,147,60.611
2023-08-10 09:15:00+00:00,60.65,60.74,60.57,60.72,64,56,60.654
2023-08-10 09:30:00+00:00,60.72,60.76,60.66,60.71,101,77,60.716
2023-08-10 09:45:00+00:00,60.71,60.76,60.59,60.61,247,137,60.685
2023-08-10 10:00:00+00:00,60.6,60.6,60.44,60.51,194,91,60.528
2023-08-10 10:15:00+00:00,60.51,60.55,60.44,60.54,61,50,60.498
2023-08-10 10:30:00+00:00,60.58,60.62,60.46,60.47,57,46,60.544
2023-08-10 10:45:00+00:00,60.46,60.47,60.33,60.4,183,117,60.417
2023-08-10 11:00:00+00:00,60.38,60.46,60.38,60.39,82,54,60.43
2023-08-10 11:15:00+00:00,60.4,60.44,60.33,60.4,77,39,60.377
2023-08-10 11:30:00+00:00,60.41,60.43,60.3,60.33,199,76,60.362
2023-08-10 11:45:00+00:00,60.32,60.39,60.19,60.31,173,106,60.287
2023-08-10 12:00:00+00:00,60.31,60.31,60.26,60.3,116,69,60.292
2023-08-10 12:15:00+00:00,60.29,60.29,60.19,60.2,189,101,60.248
2023-08-10 12:30:00+00:00,60.22,60.3,60.16,60.3,97,67,60.202
2023-08-10 12:45:00+00:00,60.31,60.32,60.21,60.22,43,39,60.269
2023-08-10 13:00:00+00:00,60.23,60.3,60.17,60.19,111,67,60.235
2023-08-10 13:15:00+00:00,60.2,60.21,60.14,60.18,47,36,60.18
2023-08-10 13:30:00+00:00,60.18,60.18,60.1,60.11,79,69,60.148
2023-08-10 13:45:00+00:00,60.11,60.19,60.08,60.11,79,62,60.134
2023-08-10 14:00:00+00:00,60.1,60.17,60.1,60.14,55,49,60.136
2023-08-10 14:15:00+00:00,60.14,60.25,60.11,60.23,59,51,60.179
2023-08-10 14:30:00+00:00,60.19,60.38,60.1,60.17,480,287,60.239
2023-08-10 15:30:00+00:00,60.13,60.42,60.01,60.14,2864,1728,60.195
2023-08-10 15:45:00+00:00,60.13,60.22,59.94,60.12,1255,777,60.041
2023-08-10 16:00:00+00:00,60.11,60.17,59.95,60.15,807,423,60.035
2023-08-10 16:15:00+00:00,60.13,60.76,60.13,60.69,2639,1069,60.579
2023-08-10 16:30:00+00:00,60.69,60.72,60.15,60.19,995,624,60.462
2023-08-10 16:45:00+00:00,60.21,60.31,60.15,60.23,702,437,60.238
2023-08-10 17:00:00+00:00,60.21,60.34,60.12,60.28,832,491,60.22
2023-08-10 17:15:00+00:00,60.28,60.67,60.26,60.66,736,446,60.514
2023-08-10 17:30:00+00:00,60.65,60.74,60.49,60.6,847,583,60.625
2023-08-10 17:45:00+00:00,60.6,60.69,60.47,60.61,873,574,60.592
2023-08-10 18:00:00+00:00,60.6,60.62,60.41,60.54,1151,591,60.537
2023-08-10 18:15:00+00:00,60.54,60.58,60.4,60.56,733,488,60.489
2023-08-10 18:30:00+00:00,60.56,60.62,60.39,60.4,876,459,60.528
2023-08-10 18:45:00+00:00,60.39,60.46,60.34,60.38,662,396,60.381
2023-08-10 19:00:00+00:00,60.38,60.41,60.22,60.27,681,422,60.31
2023-08-10 19:15:00+00:00,60.28,60.3,60.2,60.29,642,419,60.242
2023-08-10 19:30:00+00:00,60.28,60.35,60.25,60.29,693,380,60.307
2023-08-10 19:45:00+00:00,60.29,60.43,60.26,60.37,1053,482,60.362
2023-08-10 20:00:00+00:00,60.38,60.51,60.35,60.49,2428,1325,60.469
2023-08-10 20:15:00+00:00,60.5,60.57,60.43,60.5,516,184,60.483
2023-08-11 02:00:00+00:00,60.56,60.62,60.48,60.54,171,115,60.518
2023-08-11 02:15:00+00:00,60.56,60.58,60.53,60.56,16,14,60.554
2023-08-11 02:30:00+00:00,60.54,60.56,60.51,60.52,16,12,60.528
2023-08-11 02:45:00+00:00,60.53,60.55,60.52,60.54,8,7,60.537
2023-08-11 03:00:00+00:00,60.55,60.67,60.53,60.64,215,139,60.62
2023-08-11 03:15:00+00:00,60.61,60.65,60.6,60.6,34,30,60.616
2023-08-11 03:30:00+00:00,60.62,60.62,60.58,60.61,150,133,60.586
2023-08-11 03:45:00+00:00,60.62,60.74,60.62,60.63,48,42,60.679
2023-08-11 04:00:00+00:00,60.64,60.74,60.58,60.71,77,50,60.678
2023-08-11 04:15:00+00:00,60.69,60.74,60.62,60.63,101,62,60.677
2023-08-11 04:30:00+00:00,60.65,60.66,60.51,60.59,42,39,60.581
2023-08-11 04:45:00+00:00,60.61,60.64,60.58,60.61,24,23,60.618
2023-08-11 05:00:00+00:00,60.62,60.65,60.57,60.57,70,55,60.618
2023-08-11 05:15:00+00:00,60.55,60.59,60.49,60.57,24,22,60.544
2023-08-11 05:30:00+00:00,60.57,60.58,60.5,60.5,17,17,60.552
2023-08-11 05:45:00+00:00,60.51,60.53,60.51,60.53,5,5,60.516
2023-08-11 06:00:00+00:00,60.5,60.61,60.5,60.57,88,38,60.592
2023-08-11 06:15:00+00:00,60.53,60.57,60.53,60.57,5,4,60.554
2023-08-11 06:30:00+00:00,60.54,60.57,60.52,60.54,62,27,60.543
2023-08-11 06:45:00+00:00,60.52,60.57,60.52,60.55,13,10,60.547
2023-08-11 07:00:00+00:00,60.54,60.58,60.53,60.57,16,11,60.546
2023-08-11 07:15:00+00:00,60.59,60.65,60.59,60.62,19,16,60.612
2023-08-11 07:30:00+00:00,60.65,60.68,60.54,60.59,64,44,60.615
2023-08-11 07:45:00+00:00,60.57,60.6,60.51,60.56,44,25,60.552
2023-08-11 08:00:00+00:00,60.6,60.65,60.57,60.64,78,45,60.594
2023-08-11 08:15:00+00:00,60.63,60.63,60.61,60.61,10,9,60.618
2023-08-11 08:30:00+00:00,60.61,60.61,60.52,60.54,18,16,60.551
2023-08-11 08:45:00+00:00,60.53,60.6,60.49,60.58,60,39,60.549
2023-08-11 09:00:00+00:00,60.58,60.65,60.53,60.54,45,38,60.591
2023-08-11 09:15:00+00:00,60.55,60.7,60.51,60.68,252,152,60.637
2023-08-11 09:30:00+00:00,60.68,60.82,60.61,60.79,176,98,60.737
2023-08-11 09:45:00+00:00,60.81,60.91,60.77,60.79,220,131,60.845
2023-08-11 10:00:00+00:00,60.79,60.79,60.67,60.68,59,43,60.705
2023-08-11 10:15:00+00:00,60.67,60.67,60.62,60.66,22,19,60.657
2023-08-11 10:30:00+00:00,60.65,60.7,60.59,60.69,58,49,60.655
2023-08-11 10:45:00+00:00,60.68,60.7,60.62,60.62,63,41,60.667
2023-08-11 11:00:00+00:00,60.61,60.69,60.59,60.67,74,48,60.633
2023-08-11 11:15:00+00:00,60.68,60.69,60.65,60.66,18,13,60.668
2023-08-11 11:30:00+00:00,60.66,60.7,60.64,60.68,17,13,60.674
2023-08-11 11:45:00+00:00,60.7,60.76,60.69,60.76,67,55,60.723
2023-08-11 12:00:00+00:00,60.74,60.77,60.71,60.77,24,21,60.734
2023-08-11 12:15:00+00:00,60.78,60.87,60.76,60.82,88,73,60.817
2023-08-11 12:30:00+00:00,60.83,60.85,60.78,60.78,51,34,60.825
2023-08-11 12:45:00+00:00,60.78,60.82,60.73,60.75,34,30,60.764
2023-08-11 13:00:00+00:00,60.76,60.81,60.76,60.76,25,19,60.79
2023-08-11 13:15:00+00:00,60.77,60.77,60.74,60.75,30,23,60.757
2023-08-11 13:30:00+00:00,60.76,60.78,60.74,60.74,35,30,60.767
2023-08-11 13:45:00+00:00,60.76,60.79,60.73,60.76,55,40,60.754
2023-08-11 14:00:00+00:00,60.75,60.87,60.59,60.6,179,127,60.71
2023-08-11 14:15:00+00:00,60.6,60.62,60.53,60.62,24,21,60.576
2023-08-11 14:30:00+00:00,60.61,60.7,60.27,60.7,600,311,60.478
2023-08-11 15:30:00+00:00,60.47,60.62,60.05,60.46,2411,1406,60.292
2023-08-11 15:45:00+00:00,60.46,60.46,60.11,60.11,819,503,60.257
2023-08-11 16:00:00+00:00,60.13,60.27,59.92,60.03,1651,932,60.055
2023-08-11 16:15:00+00:00,60.03,60.62,60.02,60.56,1301,764,60.358
2023-08-11 16:30:00+00:00,60.58,60.65,60.31,60.46,1000,668,60.496
2023-08-11 16:45:00+00:00,60.45,60.51,60.21,60.32,725,447,60.299
2023-08-11 17:00:00+00:00,60.32,60.35,60.12,60.15,657,406,60.196
2023-08-11 17:15:00+00:00,60.16,60.32,60.04,60.1,611,409,60.163
2023-08-11 17:30:00+00:00,60.09,60.13,59.71,59.73,1388,766,59.979
2023-08-11 17:45:00+00:00,59.74,59.88,59.58,59.78,2475,1233,59.7
2023-08-11 18:00:00+00:00,59.78,60.45,59.64,60.12,4390,2423,60.028
2023-08-11 18:15:00+00:00,60.11,60.32,59.93,60.07,1003,579,60.086
2023-08-11 18:30:00+00:00,60.1,60.19,59.88,59.96,1017,519,60.027
2023-08-11 18:45:00+00:00,59.97,60.2,59.92,59.99,566,370,60.025
2023-08-11 19:00:00+00:00,60.0,60.0,59.75,59.78,834,488,59.833
2023-08-11 19:15:00+00:00,59.76,59.92,59.66,59.73,717,422,59.783
2023-08-11 19:30:00+00:00,59.73,59.76,59.23,59.7,2440,1094,59.476
2023-08-11 19:45:00+00:00,59.69,60.04,59.61,60.03,1337,650,59.826
2023-08-11 20:00:00+00:00,60.04,60.3,59.89,60.21,3494,1595,60.149
2023-08-11 20:15:00+00:00,60.22,60.44,60.22,60.4,931,358,60.319
2023-08-14 02:00:00+00:00,60.31,61.11,60.31,60.94,2380,1007,60.892
2023-08-14 02:15:00+00:00,60.92,61.08,60.86,61.05,382,246,60.959
2023-08-14 02:30:00+00:00,61.06,61.08,60.84,60.93,425,266,60.99
2023-08-14 02:45:00+00:00,60.92,60.92,60.76,60.78,177,85,60.824
2023-08-14 03:00:00+00:00,60.79,60.98,60.73,60.96,236,150,60.881
2023-08-14 03:15:00+00:00,60.93,61.0,60.91,60.96,106,76,60.956
2023-08-14 03:30:00+00:00,60.95,61.04,60.91,61.01,162,110,60.989
2023-08-14 03:45:00+00:00,61.02,61.03,60.97,61.0,73,57,61.013
2023-08-14 04:00:00+00:00,60.98,60.98,60.91,60.92,63,57,60.954
2023-08-14 04:15:00+00:00,60.91,60.91,60.83,60.87,87,60,60.858
2023-08-14 04:30:00+00:00,60.87,60.9,60.77,60.78,140,82,60.836
2023-08-14 04:45:00+00:00,60.78,60.82,60.61,60.62,470,248,60.718
2023-08-14 05:00:00+00:00,60.63,60.65,60.53,60.56,274,156,60.592
2023-08-14 05:15:00+00:00,60.56,60.71,60.56,60.66,95,66,60.656
2023-08-14 05:30:00+00:00,60.66,60.67,60.61,60.63,51,46,60.643
2023-08-14 05:45:00+00:00,60.63,60.69,60.62,60.67,53,27,60.655
2023-08-14 06:00:00+00:00,60.68,60.7,60.66,60.69,37,29,60.679
2023-08-14 06:15:00+00:00,60.69,60.69,60.68,60.68,8,7,60.684
2023-08-14 06:30:00+00:00,60.68,60.75,60.66,60.74,54,41,60.721
2023-08-14 06:45:00+00:00,60.73,60.75,60.67,60.67,9,9,60.718
2023-08-14 07:00:00+00:00,60.67,60.75,60.67,60.75,20,14,60.698
2023-08-14 07:15:00+00:00,60.74,60.76,60.68,60.68,32,27,60.728
2023-08-14 07:30:00+00:00,60.7,60.74,60.61,60.67,110,80,60.647
2023-08-14 07:45:00+00:00,60.67,60.69,60.62,60.64,73,56,60.664
2023-08-14 08:00:00+00:00,60.64,60.66,60.57,60.6,76,62,60.609
2023-08-14 08:15:00+00:00,60.62,60.66,60.62,60.64,53,38,60.642
2023-08-14 08:30:00+00:00,60.64,60.69,60.57,60.61,101,67,60.635
2023-08-14 08:45:00+00:00,60.64,60.88,60.64,60.83,240,147,60.796
2023-08-14 09:00:00+00:00,60.82,61.07,60.78,60.97,200,139,60.971
2023-08-14 09:15:00+00:00,60.98,61.15,60.94,60.94,438,256,61.066
2023-08-14 09:30:00+00:00,60.95,60.96,60.81,60.85,325,129,60.887
2023-08-14 09:45:00+00:00,60.84,61.0,60.82,60.96,563,240,60.91
2023-08-14 10:00:00+00:00,60.98,60.98,60.79,60.86,201,139,60.898
2023-08-14 10:15:00+00:00,60.85,60.85,60.74,60.78,126,69,60.782
2023-08-14 10:30:00+00:00,60.77,60.89,60.73,60.89,99,70,60.801
2023-08-14 10:45:00+00:00,60.88,60.91,60.8,60.8,51,38,60.873
2023-08-14 11:00:00+00:00,60.77,60.81,60.77,60.78,30,24,60.786
2023-08-14 11:15:00+00:00,60.77,60.81,60.77,60.78,29,27,60.787
2023-08-14 11:30:00+00:00,60.8,60.87,60.79,60.79,78,57,60.823
2023-08-14 11:45:00+00:00,60.78,60.83,60.78,60.83,88,58,60.798
2023-08-14 12:00:00+00:00,60.84,60.84,60.66,60.7,142,70,60.744
2023-08-14 12:15:00+00:00,60.69,60.75,60.67,60.72,102,58,60.702
2023-08-14 12:30:00+00:00,60.73,60.73,60.64,60.69,68,26,60.671
2023-08-14 12:45:00+00:00,60.7,60.75,60.7,60.75,20,16,60.733
2023-08-14 13:00:00+00:00,60.77,60.89,60.77,60.84,129,82,60.845
2023-08-14 13:15:00+00:00,60.83,60.9,60.82,60.88,46,40,60.86
2023-08-14 13:30:00+00:00,60.89,60.89,60.73,60.77,173,119,60.814
2023-08-14 13:45:00+00:00,60.77,60.82,60.69,60.73,272,152,60.745
2023-08-14 14:00:00+00:00,60.73,60.76,60.67,60.72,79,61,60.704
2023-08-14 14:15:00+00:00,60.72,60.8,60.62,60.63,162,106,60.704
2023-08-14 14:30:00+00:00,60.61,60.7,60.59,60.68,167,102,60.633
2023-08-14 15:30:00+00:00,60.4,60.73,60.02,60.02,5832,3089,60.387
2023-08-14 15:45:00+00:00,60.01,60.35,59.9,60.18,2055,1214,60.107
2023-08-14 16:00:00+00:00,60.2,60.49,60.07,60.47,1386,900,60.27
2023-08-14 16:15:00+00:00,60.5,60.74,60.36,60.54,1664,998,60.565
2023-08-14 16:30:00+00:00,60.55,60.67,60.15,60.15,1477,825,60.406
2023-08-14 16:45:00+00:00,60.14,60.41,60.1,60.41,1228,617,60.264
2023-08-14 17:00:00+00:00,60.42,60.47,60.23,60.29,980,537,60.361
2023-08-14 17:15:00+00:00,60.29,60.52,60.27,60.52,380,242,60.386
2023-08-14 17:30:00+00:00,60.53,60.85,60.53,60.75,607,409,60.717
2023-08-14 17:45:00+00:00,60.75,60.81,60.44,60.61,987,509,60.645
2023-08-14 18:00:00+00:00,60.63,60.83,60.63,60.69,652,457,60.764
2023-08-14 18:15:00+00:00,60.67,60.83,60.62,60.79,534,323,60.713
2023-08-14 18:30:00+00:00,60.8,61.04,60.8,60.99,1192,686,60.924
2023-08-14 18:45:00+00:00,60.99,60.99,60.87,60.9,747,452,60.94
2023-08-14 19:00:00+00:00,60.92,61.05,60.86,61.01,461,315,60.963
2023-08-14 19:15:00+00:00,61.01,61.07,60.91,61.04,464,320,61.003
2023-08-14 19:30:00+00:00,61.05,61.07,60.98,61.06,497,338,61.029
2023-08-14 19:45:00+00:00,61.04,61.14,60.98,61.04,857,454,61.07
2023-08-14 20:00:00+00:00,61.03,61.21,61.02,61.18,2522,1181,61.134
2023-08-14 20:15:00+00:00,61.18,61.22,61.15,61.18,414,212,61.183
2023-08-15 02:00:00+00:00,61.15,61.16,60.71,60.89,834,382,60.957
2023-08-15 02:15:00+00:00,60.86,60.92,60.86,60.89,28,28,60.891
2023-08-15 02:30:00+00:00,60.89,60.95,60.77,60.77,126,71,60.865
2023-08-15 02:45:00+00:00,60.78,60.82,60.76,60.82,170,106,60.805
2023-08-15 03:00:00+00:00,60.81,60.99,60.81,60.99,192,130,60.905
2023-08-15 03:15:00+00:00,61.02,61.16,60.96,61.11,128,93,61.066
2023-08-15 03:30:00+00:00,61.11,61.14,60.99,61.0,115,76,61.052
2023-08-15 03:45:00+00:00,61.0,61.12,60.99,61.09,131,79,61.059
2023-08-15 04:00:00+00:00,61.08,61.08,60.94,61.03,109,83,60.992
2023-08-15 04:15:00+00:00,61.03,61.1,61.02,61.05,27,22,61.063
2023-08-15 04:30:00+00:00,61.08,61.28,61.08,61.21,136,68,61.222
2023-08-15 04:45:00+00:00,61.2,61.38,61.2,61.28,107,71,61.29
2023-08-15 05:00:00+00:00,61.27,61.37,61.27,61.33,28,21,61.32
2023-08-15 05:15:00+00:00,61.32,61.39,61.24,61.38,115,70,61.311
2023-08-15 05:30:00+00:00,61.38,61.43,61.32,61.39,97,53,61.378
2023-08-15 05:45:00+00:00,61.38,61.41,61.35,61.38,47,26,61.376
2023-08-15 06:00:00+00:00,61.39,61.5,61.39,61.39,141,65,61.466
2023-08-15 06:15:00+00:00,61.38,61.4,61.36,61.4,6,6,61.375
2023-08-15 06:30:00+00:00,61.39,61.4,61.26,61.34,73,51,61.333
2023-08-15 06:45:00+00:00,61.32,61.33,61.3,61.31,12,9,61.312
2023-08-15 07:00:00+00:00,61.32,61.32,61.21,61.27,51,39,61.242
2023-08-15 07:15:00+00:00,61.27,61.28,61.2,61.2,20,18,61.248
2023-08-15 07:30:00+00:00,61.2,61.43,61.19,61.41,60,49,61.302
2023-08-15 07:45:00+00:00,61.42,61.61,61.42,61.59,250,158,61.507
2023-08-15 08:00:00+00:00,61.56,61.71,61.56,61.65,129,80,61.669
2023-08-15 08:15:00+00:00,61.67,61.74,61.62,61.73,246,134,61.702
2023-08-15 08:30:00+00:00,61.71,61.77,61.57,61.69,393,169,61.685
2023-08-15 08:45:00+00:00,61.71,61.71,61.58,61.6,62,41,61.624
2023-08-15 09:00:00+00:00,61.6,61.7,61.54,61.56,211,132,61.587
2023-08-15 09:15:00+00:00,61.56,61.65,61.52,61.56,209,132,61.556
2023-08-15 09:30:00+00:00,61.52,61.56,61.44,61.53,87,62,61.483
2023-08-15 09:45:00+00:00,61.5,61.52,61.38,61.39,83,61,61.437
2023-08-15 10:00:00+00:00,61.38,61.38,61.24,61.28,277,111,61.296
2023-08-15 10:15:00+00:00,61.3,61.46,61.28,61.45,52,42,61.379
2023-08-15 10:30:00+00:00,61.43,61.58,61.41,61.58,56,50,61.48
2023-08-15 10:45:00+00:00,61.54,61.67,61.53,61.59,159,100,61.599
2023-08-15 11:00:00+00:00,61.58,61.62,61.5,61.5,130,92,61.577
2023-08-15 11:15:00+00:00,61.45,61.5,61.41,61.41,39,38,61.468
2023-08-15 11:30:00+00:00,61.4,61.4,61.36,61.38,16,15,61.378
2023-08-15 11:45:00+00:00,61.38,61.38,61.27,61.37,164,97,61.322
2023-08-15 12:00:00+00:00,61.36,61.37,61.31,61.36,235,177,61.324
2023-08-15 12:15:00+00:00,61.35,61.39,61.29,61.31,157,110,61.319
2023-08-15 12:30:00+00:00,61.3,61.43,61.26,61.39,60,53,61.337
2023-08-15 12:45:00+00:00,61.42,61.43,61.36,61.4,66,51,61.397
2023-08-15 13:00:00+00:00,61.39,61.45,61.32,61.39,83,60,61.389
2023-08-15 13:15:00+00:00,61.39,61.44,61.35,61.36,118,61,61.395
2023-08-15 13:30:00+00:00,61.35,61.38,61.31,61.38,136,77,61.338
2023-08-15 13:45:00+00:00,61.39,61.49,61.34,61.45,226,141,61.381
2023-08-15 14:00:00+00:00,61.47,61.54,61.36,61.52,216,155,61.462
2023-08-15 14:15:00+00:00,61.5,61.68,61.46,61.66,251,155,61.544
2023-08-15 14:30:00+00:00,61.67,61.84,61.58,61.76,608,386,61.759
2023-08-15 15:30:00+00:00,61.61,62.66,61.61,62.11,6077,2791,62.266
2023-08-15 15:45:00+00:00,62.11,62.34,62.05,62.23,2144,1091,62.17
2023-08-15 16:00:00+00:00,62.25,62.36,62.14,62.31,1790,916,62.247
2023-08-15 16:15:00+00:00,62.31,62.4,62.16,62.28,1217,711,62.297
2023-08-15 16:30:00+00:00,62.29,62.31,62.03,62.17,1193,661,62.145
2023-08-15 16:45:00+00:00,62.17,62.19,61.95,62.11,1360,710,62.055
2023-08-15 17:00:00+00:00,62.12,62.14,61.7,61.84,1200,719,61.916
2023-08-15 17:15:00+00:00,61.84,62.09,61.76,62.04,960,529,61.931
2023-08-15 17:30:00+00:00,62.06,62.26,61.98,62.25,1391,821,62.12
2023-08-15 17:45:00+00:00,62.23,62.49,62.18,62.34,1993,1172,62.368
2023-08-15 18:00:00+00:00,62.33,62.69,61.75,61.84,5899,2443,62.333
2023-08-15 18:15:00+00:00,61.84,61.98,61.54,61.76,2501,995,61.773
2023-08-15 18:30:00+00:00,61.77,61.93,61.7,61.79,791,432,61.813
2023-08-15 18:45:00+00:00,61.8,61.81,61.31,61.69,1625,853,61.522
2023-08-15 19:00:00+00:00,61.69,61.97,61.69,61.9,774,513,61.812
2023-08-15 19:15:00+00:00,61.9,62.11,61.89,62.09,767,488,62.014
2023-08-15 19:30:00+00:00,62.09,62.19,61.98,62.1,961,490,62.071
2023-08-15 19:45:00+00:00,62.11,62.16,61.91,61.96,673,417,62.008
2023-08-15 20:00:00+00:00,61.96,61.98,61.77,61.86,2332,1089,61.87
2023-08-15 20:15:00+00:00,61.86,61.87,61.75,61.83,535,233,61.817
2023-08-16 02:00:00+00:00,61.88,61.88,61.73,61.76,156,112,61.805
2023-08-16 02:15:00+00:00,61.77,61.83,61.75,61.75,22,20,61.788
2023-08-16 02:30:00+00:00,61.75,61.75,61.61,61.65,242,184,61.686
2023-08-16 02:45:00+00:00,61.67,61.83,61.67,61.8,73,58,61.764
2023-08-16 03:00:00+00:00,61.81,62.06,61.75,62.01,294,203,61.877
2023-08-16 03:15:00+00:00,61.97,62.15,61.9,62.1,100,59,62.064
2023-08-16 03:30:00+00:00,62.12,62.21,62.02,62.19,118,66,62.122
2023-08-16 03:45:00+00:00,62.19,62.25,62.06,62.13,84,57,62.145
2023-08-16 04:00:00+00:00,62.12,62.17,62.02,62.1,39,37,62.09
2023-08-16 04:15:00+00:00,62.08,62.15,62.08,62.15,28,17,62.116
2023-08-16 04:30:00+00:00,62.13,62.2,62.05,62.17,147,101,62.13
2023-08-16 04:45:00+00:00,62.18,62.18,62.11,62.14,20,18,62.138
2023-08-16 05:00:00+00:00,62.14,62.26,62.14,62.24,53,43,62.2
2023-08-16 05:15:00+00:00,62.25,62.28,62.19,62.19,19,19,62.248
2023-08-16 05:30:00+00:00,62.22,62.27,62.22,62.26,21,14,62.236
2023-08-16 05:45:00+00:00,62.25,62.25,62.23,62.23,6,6,62.237
2023-08-16 06:00:00+00:00,62.24,62.24,62.24,62.24,1,1,62.24
2023-08-16 06:15:00+00:00,62.24,62.24,62.2,62.2,18,14,62.213
2023-08-16 06:30:00+00:00,62.19,62.2,62.14,62.19,37,30,62.167
2023-08-16 06:45:00+00:00,62.19,62.22,62.16,62.18,21,15,62.189
2023-08-16 07:00:00+00:00,62.19,62.22,62.18,62.21,15,14,62.2
2023-08-16 07:15:00+00:00,62.21,62.21,62.12,62.18,25,22,62.167
2023-08-16 07:30:00+00:00,62.2,62.29,62.2,62.23,62,48,62.233
2023-08-16 07:45:00+00:00,62.23,62.25,62.07,62.08,138,90,62.155
2023-08-16 08:00:00+00:00,62.1,62.12,62.0,62.09,71,53,62.062
2023-08-16 08:15:00+00:00,62.12,62.15,62.07,62.1,90,48,62.108
2023-08-16 08:30:00+00:00,62.08,62.12,62.06,62.08,38,21,62.097
2023-08-16 08:45:00+00:00,62.05,62.05,61.95,61.97,31,24,62.002
2023-08-16 09:00:00+00:00,61.97,62.03,61.95,61.99,72,50,61.982
2023-08-16 09:15:00+00:00,61.99,62.11,61.99,62.08,58,42,62.065
2023-08-16 09:30:00+00:00,62.07,62.21,62.01,62.18,176,80,62.138
2023-08-16 09:45:00+00:00,62.19,62.24,62.14,62.14,119,75,62.201
2023-08-16 10:00:00+00:00,62.14,62.3,62.14,62.22,139,78,62.241
2023-08-16 10:15:00+00:00,62.25,62.33,62.19,62.3,115,99,62.291
2023-08-16 10:30:00+00:00,62.3,62.33,62.21,62.21,64,56,62.29
2023-08-16 10:45:00+00:00,62.2,62.25,62.19,62.23,202,79,62.224
2023-08-16 11:00:00+00:00,62.23,62.42,62.18,62.42,253,119,62.269
2023-08-16 11:15:00+00:00,62.4,62.63,62.35,62.63,503,208,62.505
2023-08-16 11:30:00+00:00,62.64,62.7,62.52,62.67,309,159,62.617
2023-08-16 11:45:00+00:00,62.68,62.7,62.63,62.66,161,111,62.658
2023-08-16 12:00:00+00:00,62.67,62.68,62.6,62.62,294,225,62.621
2023-08-16 12:15:00+00:00,62.62,62.74,62.62,62.71,134,86,62.685
2023-08-16 12:30:00+00:00,62.71,62.77,62.66,62.72,245,149,62.712
2023-08-16 12:45:00+00:00,62.7,62.8,62.69,62.72,174,118,62.735
2023-08-16 13:00:00+00:00,62.71,62.74,62.7,62.7,172,124,62.707
2023-08-16 13:15:00+00:00,62.7,62.78,62.7,62.75,204,114,62.713
2023-08-16 13:30:00+00:00,62.76,62.86,62.75,62.8,366,201,62.817
2023-08-16 13:45:00+00:00,62.79,62.8,62.72,62.78,56,50,62.766
2023-08-16 14:00:00+00:00,62.79,62.81,62.72,62.74,146,92,62.763
2023-08-16 14:15:00+00:00,62.73,62.78,62.7,62.75,176,121,62.727
2023-08-16 14:30:00+00:00,62.75,62.82,62.7,62.75,192,114,62.768
2023-08-16 15:30:00+00:00,62.81,63.38,62.77,62.93,5108,2643,63.093
2023-08-16 15:45:00+00:00,62.94,62.97,62.64,62.77,1985,1160,62.816
2023-08-16 16:00:00+00:00,62.78,62.93,62.69,62.75,1260,800,62.822
2023-08-16 16:15:00+00:00,62.77,62.9,62.61,62.65,1368,773,62.716
2023-08-16 16:30:00+00:00,62.65,63.27,62.62,63.24,2112,1064,62.976
2023-08-16 16:45:00+00:00,63.25,63.42,63.21,63.3,2089,1016,63.331
2023-08-16 17:00:00+00:00,63.29,63.68,63.2,63.61,1615,949,63.44
2023-08-16 17:15:00+00:00,63.65,63.82,63.5,63.74,1866,1011,63.662
2023-08-16 17:30:00+00:00,63.74,63.76,63.09,63.22,2620,1358,63.433
2023-08-16 17:45:00+00:00,63.22,63.52,63.22,63.42,983,516,63.404
2023-08-16 18:00:00+00:00,63.42,63.55,63.36,63.47,624,396,63.453
2023-08-16 18:15:00+00:00,63.47,63.48,63.14,63.18,1107,615,63.255
2023-08-16 18:30:00+00:00,63.17,63.33,63.15,63.15,896,477,63.239
2023-08-16 18:45:00+00:00,63.15,63.21,62.83,62.86,1320,652,63.025
2023-08-16 19:00:00+00:00,62.85,62.97,62.77,62.91,1463,688,62.854
2023-08-16 19:15:00+00:00,62.9,62.99,62.71,62.77,858,502,62.865
2023-08-16 19:30:00+00:00,62.76,63.06,62.76,63.06,685,480,62.897
2023-08-16 19:45:00+00:00,63.05,63.21,62.99,63.01,1273,625,63.106
2023-08-16 20:00:00+00:00,63.02,63.04,62.79,62.82,2587,1268,62.877
2023-08-16 20:15:00+00:00,62.82,62.91,62.8,62.85,441,195,62.86
2023-08-17 02:00:00+00:00,62.81,63.0,62.81,62.88,528,323,62.852
2023-08-17 02:15:00+00:00,62.87,62.89,62.82,62.87,54,45,62.857
2023-08-17 02:30:00+00:00,62.86,62.86,62.82,62.82,23,21,62.841
2023-08-17 02:45:00+00:00,62.83,62.86,62.82,62.82,32,25,62.833
2023-08-17 03:00:00+00:00,62.82,62.97,62.81,62.89,204,161,62.851
2023-08-17 03:15:00+00:00,62.88,62.93,62.85,62.87,56,54,62.887
2023-08-17 03:30:00+00:00,62.86,62.94,62.83,62.94,65,46,62.872
2023-08-17 03:45:00+00:00,62.96,63.09,62.96,63.09,127,63,63.015
2023-08-17 04:00:00+00:00,63.08,63.13,63.03,63.11,67,43,63.082
2023-08-17 04:15:00+00:00,63.14,63.26,63.11,63.24,193,97,63.199
2023-08-17 04:30:00+00:00,63.22,63.31,63.22,63.31,50,44,63.268
2023-08-17 04:45:00+00:00,63.29,63.32,63.21,63.26,48,37,63.251
2023-08-17 05:00:00+00:00,63.25,63.35,63.24,63.28,103,86,63.298
2023-08-17 05:15:00+00:00,63.27,63.29,63.18,63.29,194,76,63.253
2023-08-17 05:30:00+00:00,63.26,63.26,63.19,63.2,47,35,63.212
2023-08-17 05:45:00+00:00,63.2,63.22,63.13,63.22,46,25,63.181
2023-08-17 06:00:00+00:00,63.23,63.26,63.16,63.17,95,67,63.244
2023-08-17 06:15:00+00:00,63.19,63.2,63.15,63.15,19,17,63.168
2023-08-17 06:30:00+00:00,63.17,63.17,63.11,63.14,32,28,63.137
2023-08-17 06:45:00+00:00,63.16,63.18,63.15,63.18,22,21,63.163
2023-08-17 07:00:00+00:00,63.17,63.17,63.13,63.13,11,11,63.152
2023-08-17 07:15:00+00:00,63.1,63.12,63.07,63.1,61,40,63.097
2023-08-17 07:30:00+00:00,63.11,63.17,63.06,63.07,67,48,63.127
2023-08-17 07:45:00+00:00,63.08,63.11,62.98,63.06,92,69,63.051
2023-08-17 08:00:00+00:00,63.03,63.36,63.03,63.32,275,166,63.259
2023-08-17 08:15:00+00:00,63.31,63.31,63.23,63.27,58,51,63.285
2023-08-17 08:30:00+00:00,63.23,63.39,63.21,63.39,321,187,63.322
2023-08-17 08:45:00+00:00,63.38,63.38,63.2,63.29,167,93,63.253
2023-08-17 09:00:00+00:00,63.26,63.5,63.24,63.46,239,159,63.416
2023-08-17 09:15:00+00:00,63.44,63.49,63.37,63.49,261,124,63.45
2023-08-17 09:30:00+00:00,63.47,63.53,63.42,63.52,158,127,63.469
2023-08-17 09:45:00+00:00,63.53,63.53,63.36,63.45,188,111,63.441
2023-08-17 10:00:00+00:00,63.46,63.54,63.41,63.54,117,76,63.482
2023-08-17 10:15:00+00:00,63.56,63.56,63.43,63.44,119,102,63.508
2023-08-17 10:30:00+00:00,63.41,63.61,63.38,63.58,147,98,63.462
2023-08-17 10:45:00+00:00,63.59,63.88,63.53,63.81,461,273,63.703
2023-08-17 11:00:00+00:00,63.78,63.83,63.66,63.68,430,209,63.754
2023-08-17 11:15:00+00:00,63.67,63.77,63.6,63.67,312,150,63.673
2023-08-17 11:30:00+00:00,63.65,63.67,63.49,63.53,425,204,63.538
2023-08-17 11:45:00+00:00,63.5,63.59,63.5,63.54,205,174,63.535
2023-08-17 12:00:00+00:00,63.54,63.67,63.53,63.59,194,116,63.584
2023-08-17 12:15:00+00:00,63.6,63.63,63.5,63.53,127,101,63.538
2023-08-17 12:30:00+00:00,63.52,63.58,63.48,63.58,78,45,63.53
2023-08-17 12:45:00+00:00,63.58,63.63,63.56,63.58,56,49,63.589
2023-08-17 13:00:00+00:00,63.56,63.71,63.56,63.58,111,76,63.632
2023-08-17 13:15:00+00:00,63.57,63.57,63.47,63.52,215,120,63.513
2023-08-17 13:30:00+00:00,63.51,63.52,63.41,63.44,199,131,63.461
2023-08-17 13:45:00+00:00,63.44,63.44,63.31,63.38,212,109,63.37
2023-08-17 14:00:00+00:00,63.38,63.49,63.35,63.37,364,239,63.418
2023-08-17 14:15:00+00:00,63.37,63.39,63.29,63.35,317,171,63.332
2023-08-17 14:30:00+00:00,63.35,63.47,63.26,63.4,278,185,63.364
2023-08-17 15:30:00+00:00,63.46,63.64,63.26,63.55,3568,2241,63.456
2023-08-17 15:45:00+00:00,63.53,63.69,63.27,63.33,1539,914,63.513
2023-08-17 16:00:00+00:00,63.33,64.16,63.29,64.11,3046,1469,63.866
2023-08-17 16:15:00+00:00,64.12,64.18,63.66,63.74,1723,1015,63.908
2023-08-17 16:30:00+00:00,63.76,63.91,63.56,63.67,1401,744,63.739
2023-08-17 16:45:00+00:00,63.68,63.79,63.52,63.72,1073,648,63.642
2023-08-17 17:00:00+00:00,63.73,64.0,63.69,63.76,925,521,63.849
2023-08-17 17:15:00+00:00,63.78,63.86,63.68,63.8,607,390,63.764
2023-08-17 17:30:00+00:00,63.8,63.89,63.72,63.77,526,346,63.785
2023-08-17 17:45:00+00:00,63.76,63.78,63.34,63.38,942,487,63.481
2023-08-17 18:00:00+00:00,63.38,63.57,63.31,63.56,901,522,63.449
2023-08-17 18:15:00+00:00,63.55,63.84,63.5,63.81,937,479,63.731
2023-08-17 18:30:00+00:00,63.83,64.0,63.69,63.71,1199,624,63.873
2023-08-17 18:45:00+00:00,63.71,63.81,63.61,63.79,437,254,63.702
2023-08-17 19:00:00+00:00,63.78,63.85,63.61,63.78,894,521,63.73
2023-08-17 19:15:00+00:00,63.79,63.83,63.7,63.73,689,432,63.768
2023-08-17 19:30:00+00:00,63.72,63.76,63.54,63.71,1435,761,63.641
2023-08-17 19:45:00+00:00,63.71,63.76,63.6,63.71,909,419,63.697
2023-08-17 20:00:00+00:00,63.69,63.83,63.63,63.76,2061,1053,63.763
2023-08-17 20:15:00+00:00,63.76,63.8,63.7,63.76,332,167,63.763
2023-08-18 02:00:00+00:00,63.77,63.9,63.68,63.89,667,369,63.778
2023-08-18 02:15:00+00:00,63.92,63.97,63.91,63.97,50,38,63.941
2023-08-18 02:30:00+00:00,63.96,63.97,63.93,63.94,35,29,63.946
2023-08-18 02:45:00+00:00,63.92,64.0,63.92,63.94,85,60,63.978
2023-08-18 03:00:00+00:00,63.96,64.3,63.96,64.14,475,283,64.153
2023-08-18 03:15:00+00:00,64.14,64.23,64.08,64.08,111,84,64.181
2023-08-18 03:30:00+00:00,64.14,64.23,64.1,64.2,56,39,64.18
2023-08-18 03:45:00+00:00,64.2,64.24,64.15,64.19,27,23,64.199
2023-08-18 04:00:00+00:00,64.2,64.31,64.17,64.31,80,61,64.249
2023-08-18 04:15:00+00:00,64.31,64.31,64.18,64.18,80,54,64.22
2023-08-18 04:30:00+00:00,64.22,64.26,64.12,64.26,49,40,64.184
2023-08-18 04:45:00+00:00,64.25,64.33,64.14,64.3,139,86,64.244
2023-08-18 05:00:00+00:00,64.24,64.32,64.17,64.2,53,36,64.237
2023-08-18 05:15:00+00:00,64.2,64.21,64.14,64.2,71,50,64.192
2023-08-18 05:30:00+00:00,64.2,64.24,64.13,64.13,72,35,64.185
2023-08-18 05:45:00+00:00,64.11,64.14,64.09,64.14,28,23,64.122
2023-08-18 06:00:00+00:00,64.15,64.17,64.09,64.1,23,22,64.134
2023-08-18 06:15:00+00:00,64.11,64.11,64.09,64.09,4,3,64.1
2023-08-18 06:30:00+00:00,64.11,64.13,64.09,64.09,15,14,64.1
2023-08-18 06:45:00+00:00,64.08,64.1,64.05,64.07,29,28,64.076
2023-08-18 07:00:00+00:00,64.06,64.11,64.03,64.05,31,29,64.068
2023-08-18 07:15:00+00:00,64.05,64.05,64.0,64.02,40,36,64.019
2023-08-18 07:30:00+00:00,64.05,64.22,64.01,64.22,112,90,64.105
2023-08-18 07:45:00+00:00,64.23,64.32,64.2,64.31,103,63,64.271
2023-08-18 08:00:00+00:00,64.3,64.31,64.22,64.3,66,37,64.278
2023-08-18 08:15:00+00:00,64.31,64.42,64.29,64.4,100,67,64.358
2023-08-18 08:30:00+00:00,64.38,64.38,64.19,64.23,72,66,64.259
2023-08-18 08:45:00+00:00,64.2,64.23,64.08,64.1,100,69,64.164
2023-08-18 09:00:00+00:00,64.1,64.11,63.74,63.75,376,180,63.846
2023-08-18 09:15:00+00:00,63.75,63.8,63.66,63.72,334,230,63.722
2023-08-18 09:30:00+00:00,63.73,63.79,63.57,63.63,242,147,63.64
2023-08-18 09:45:00+00:00,63.63,63.74,63.53,63.58,192,147,63.606
2023-08-18 10:00:00+00:00,63.57,63.74,63.55,63.69,139,117,63.625
2023-08-18 10:15:00+00:00,63.7,63.72,63.6,63.63,101,55,63.656
2023-08-18 10:30:00+00:00,63.65,63.68,63.59,63.6,167,109,63.629
2023-08-18 10:45:00+00:00,63.6,63.78,63.58,63.77,89,67,63.68
2023-08-18 11:00:00+00:00,63.78,63.85,63.62,63.63,140,102,63.746
2023-08-18 11:15:00+00:00,63.61,63.69,63.56,63.61,175,127,63.614
2023-08-18 11:30:00+00:00,63.6,63.7,63.53,63.64,104,81,63.609
2023-08-18 11:45:00+00:00,63.63,63.67,63.58,63.65,85,56,63.63
2023-08-18 12:00:00+00:00,63.64,63.69,63.62,63.69,31,30,63.643
2023-08-18 12:15:00+00:00,63.71,63.76,63.69,63.71,78,66,63.728
2023-08-18 12:30:00+00:00,63.72,63.77,63.7,63.75,24,20,63.721
2023-08-18 12:45:00+00:00,63.75,63.82,63.75,63.75,61,46,63.785
2023-08-18 13:00:00+00:00,63.73,63.88,63.73,63.77,213,93,63.843
2023-08-18 13:15:00+00:00,63.76,63.87,63.72,63.85,165,84,63.766
2023-08-18 13:30:00+00:00,63.83,63.9,63.8,63.87,94,56,63.846
2023-08-18 13:45:00+00:00,63.87,63.91,63.84,63.86,68,46,63.866
2023-08-18 14:00:00+00:00,63.85,63.86,63.79,63.84,136,95,63.824
2023-08-18 14:15:00+00:00,63.83,63.85,63.76,63.8,174,112,63.814
2023-08-18 14:30:00+00:00,63.8,63.81,63.71,63.79,377,253,63.743
2023-08-18 15:30:00+00:00,63.93,64.25,63.72,64.12,3684,2299,63.996
2023-08-18 15:45:00+00:00,64.12,64.14,63.67,63.88,1616,1043,63.875
2023-08-18 16:00:00+00:00,63.89,64.14,63.83,64.07,1103,681,63.977
2023-08-18 16:15:00+00:00,64.04,64.06,63.83,63.84,865,604,63.955
2023-08-18 16:30:00+00:00,63.86,64.0,63.8,63.97,849,515,63.904
2023-08-18 16:45:00+00:00,63.97,63.99,63.78,63.85,930,541,63.853
2023-08-18 17:00:00+00:00,63.86,63.9,63.68,63.73,1069,590,63.784
2023-08-18 17:15:00+00:00,63.74,64.13,63.74,64.1,1393,671,63.963
2023-08-18 17:30:00+00:00,64.11,64.3,63.97,64.03,1536,721,64.167
2023-08-18 17:45:00+00:00,64.03,64.33,64.02,64.08,700,456,64.166
2023-08-18 18:00:00+00:00,64.06,64.12,63.94,64.06,815,404,64.017
2023-08-18 18:15:00+00:00,64.07,64.11,63.98,64.03,372,229,64.039
2023-08-18 18:30:00+00:00,64.04,64.09,63.93,63.96,750,412,63.998
2023-08-18 18:45:00+00:00,63.97,64.03,63.92,64.01,517,299,63.958
2023-08-18 19:00:00+00:00,64.01,64.06,63.9,63.91,523,338,63.965
2023-08-18 19:15:00+00:00,63.91,64.0,63.87,63.98,556,368,63.926
2023-08-18 19:30:00+00:00,63.98,64.15,63.95,63.97,908,483,64.06
2023-08-18 19:45:00+00:00,63.98,64.07,63.9,63.95,782,432,63.952
2023-08-18 20:00:00+00:00,63.95,64.14,63.94,64.12,1488,751,64.045
2023-08-18 20:15:00+00:00,64.11,64.26,64.09,64.26,426,232,64.139
2023-08-21 02:00:00+00:00,64.41,64.87,64.25,64.61,1685,890,64.629
2023-08-21 02:15:00+00:00,64.57,64.85,64.51,64.65,262,168,64.653
2023-08-21 02:30:00+00:00,64.65,64.67,64.44,64.49,220,142,64.51
2023-08-21 02:45:00+00:00,64.5,64.69,64.42,64.6,239,133,64.528
2023-08-21 03:00:00+00:00,64.62,65.13,64.49,64.97,862,448,64.938
2023-08-21 03:15:00+00:00,64.94,65.08,64.82,65.01,153,111,64.944
2023-08-21 03:30:00+00:00,64.98,65.13,64.95,65.11,126,86,65.068
2023-08-21 03:45:00+00:00,65.08,65.17,64.97,65.0,123,77,65.095
2023-08-21 04:00:00+00:00,64.97,65.06,64.86,65.04,273,132,64.939
2023-08-21 04:15:00+00:00,65.02,65.04,64.97,64.99,43,30,64.996
2023-08-21 04:30:00+00:00,64.98,65.02,64.83,64.86,88,62,64.929
2023-08-21 04:45:00+00:00,64.87,65.01,64.85,65.01,50,42,64.952
2023-08-21 05:00:00+00:00,65.0,65.0,64.92,64.92,33,27,64.959
2023-08-21 05:15:00+00:00,64.92,65.0,64.88,64.88,61,46,64.93
2023-08-21 05:30:00+00:00,64.88,64.94,64.88,64.88,19,18,64.903
2023-08-21 05:45:00+00:00,64.87,64.92,64.87,64.9,15,12,64.901
2023-08-21 06:00:00+00:00,64.88,64.92,64.87,64.9,18,18,64.902
2023-08-21 06:15:00+00:00,64.9,64.92,64.88,64.9,21,18,64.904
2023-08-21 06:30:00+00:00,64.89,64.9,64.83,64.84,36,32,64.863
2023-08-21 06:45:00+00:00,64.86,64.91,64.86,64.91,31,24,64.878
2023-08-21 07:00:00+00:00,64.9,64.92,64.81,64.81,67,54,64.872
2023-08-21 07:15:00+00:00,64.84,64.88,64.77,64.87,95,65,64.833
2023-08-21 07:30:00+00:00,64.87,64.91,64.84,64.87,85,69,64.877
2023-08-21 07:45:00+00:00,64.88,64.88,64.67,64.68,170,126,64.737
2023-08-21 08:00:00+00:00,64.69,64.74,64.63,64.68,98,66,64.681
2023-08-21 08:15:00+00:00,64.7,64.76,64.68,64.68,57,44,64.712
2023-08-21 08:30:00+00:00,64.67,64.72,64.63,64.68,54,42,64.673
2023-08-21 08:45:00+00:00,64.68,64.7,64.64,64.67,60,41,64.667
2023-08-21 09:00:00+00:00,64.71,64.79,64.71,64.75,63,56,64.748
2023-08-21 09:15:00+00:00,64.76,64.84,64.74,64.79,60,50,64.793
2023-08-21 09:30:00+00:00,64.82,64.91,64.75,64.88,54,40,64.834
2023-08-21 09:45:00+00:00,64.88,64.9,64.81,64.86,46,31,64.847
2023-08-21 10:00:00+00:00,64.86,65.06,64.85,65.05,280,174,64.989
2023-08-21 10:15:00+00:00,65.05,65.07,64.94,65.01,124,102,65.01
2023-08-21 10:30:00+00:00,65.03,65.05,64.83,64.85,236,175,64.975
2023-08-21 10:45:00+00:00,64.85,64.9,64.8,64.83,111,86,64.845
2023-08-21 11:00:00+00:00,64.82,64.95,64.82,64.95,156,139,64.873
2023-08-21 11:15:00+00:00,64.96,65.01,64.91,64.97,81,56,64.968
2023-08-21 11:30:00+00:00,64.98,65.03,64.97,65.0,151,98,65.0
2023-08-21 11:45:00+00:00,64.99,65.0,64.87,64.91,118,72,64.971
2023-08-21 12:00:00+00:00,64.94,65.0,64.92,64.95,110,81,64.961
2023-08-21 12:15:00+00:00,64.94,64.96,64.85,64.85,45,42,64.903
2023-08-21 12:30:00+00:00,64.85,64.88,64.84,64.85,37,31,64.856
2023-08-21 12:45:00+00:00,64.89,64.9,64.87,64.88,23,21,64.884
2023-08-21 13:00:00+00:00,64.9,64.92,64.85,64.88,37,33,64.88
2023-08-21 13:15:00+00:00,64.87,64.97,64.87,64.9,104,62,64.912
2023-08-21 13:30:00+00:00,64.91,64.97,64.84,64.95,139,105,64.911
2023-08-21 13:45:00+00:00,64.96,65.03,64.93,64.94,148,102,64.987
2023-08-21 14:00:00+00:00,64.95,64.96,64.86,64.86,163,111,64.93
2023-08-21 14:15:00+00:00,64.87,65.05,64.87,65.0,217,141,64.976
2023-08-21 14:30:00+00:00,65.0,65.04,64.93,64.96,385,181,64.996
2023-08-21 15:30:00+00:00,65.06,65.39,64.87,65.15,3872,2152,65.146
2023-08-21 15:45:00+00:00,65.17,65.24,64.65,64.8,2947,1667,64.883
2023-08-21 16:00:00+00:00,64.8,64.83,64.59,64.62,2090,1186,64.725
2023-08-21 16:15:00+00:00,64.62,64.94,64.55,64.82,1968,1111,64.778
2023-08-21 16:30:00+00:00,64.83,65.34,64.8,65.08,2036,1253,65.112
2023-08-21 16:45:00+00:00,65.08,65.27,65.04,65.2,1590,899,65.168
2023-08-21 17:00:00+00:00,65.22,65.27,64.97,65.03,1670,967,65.111
2023-08-21 17:15:00+00:00,65.03,65.13,64.78,64.85,1841,808,64.955
2023-08-21 17:30:00+00:00,64.83,64.86,64.61,64.76,1322,712,64.704
2023-08-21 17:45:00+00:00,64.76,64.76,64.48,64.51,1299,772,64.606
2023-08-21 18:00:00+00:00,64.51,64.53,64.28,64.32,1612,981,64.401
2023-08-21 18:15:00+00:00,64.32,64.32,63.76,63.8,2949,1363,64.032
2023-08-21 18:30:00+00:00,63.8,63.8,63.27,63.53,2643,1407,63.499
2023-08-21 18:45:00+00:00,63.53,63.65,63.42,63.49,1984,1096,63.536
2023-08-21 19:00:00+00:00,63.5,63.67,63.45,63.54,972,559,63.58
2023-08-21 19:15:00+00:00,63.55,63.62,63.47,63.57,786,485,63.55
2023-08-21 19:30:00+00:00,63.57,63.86,63.54,63.77,1636,801,63.723
2023-08-21 19:45:00+00:00,63.76,63.81,63.63,63.75,816,510,63.734
2023-08-21 20:00:00+00:00,63.75,63.82,63.5,63.81,2616,1313,63.714
2023-08-21 20:15:00+00:00,63.81,63.84,63.74,63.82,372,188,63.804
2023-08-22 02:00:00+00:00,63.92,64.02,63.75,63.78,390,239,63.92
2023-08-22 02:15:00+00:00,63.78,63.89,63.77,63.88,77,51,63.85
2023-08-22 02:30:00+00:00,63.9,63.95,63.89,63.91,25,18,63.923
2023-08-22 02:45:00+00:00,63.92,64.08,63.92,64.06,150,91,64.011
2023-08-22 03:00:00+00:00,64.04,64.1,63.91,64.06,219,139,64.048
2023-08-22 03:15:00+00:00,64.07,64.23,64.05,64.21,129,111,64.176
2023-08-22 03:30:00+00:00,64.22,64.29,64.15,64.16,168,126,64.223
2023-08-22 03:45:00+00:00,64.18,64.18,64.0,64.0,55,45,64.07
2023-08-22 04:00:00+00:00,64.02,64.05,63.95,63.95,47,36,63.992
2023-08-22 04:15:00+00:00,63.99,64.07,63.97,63.99,49,38,64.013
2023-08-22 04:30:00+00:00,63.94,64.03,63.8,63.84,147,96,63.879
2023-08-22 04:45:00+00:00,63.83,63.99,63.83,63.85,90,77,63.903
2023-08-22 05:00:00+00:00,63.87,63.91,63.76,63.79,56,36,63.817
2023-08-22 05:15:00+00:00,63.77,63.82,63.76,63.8,56,47,63.786
2023-08-22 05:30:00+00:00,63.79,63.85,63.76,63.78,26,25,63.798
2023-08-22 05:45:00+00:00,63.78,63.8,63.75,63.78,41,17,63.765
2023-08-22 06:00:00+00:00,63.79,63.8,63.74,63.75,65,45,63.762
2023-08-22 06:15:00+00:00,63.75,63.78,63.71,63.72,33,23,63.738
2023-08-22 06:30:00+00:00,63.71,63.76,63.66,63.72,28,24,63.726
2023-08-22 06:45:00+00:00,63.74,63.78,63.72,63.77,33,28,63.744
2023-08-22 07:00:00+00:00,63.75,63.78,63.66,63.66,46,40,63.755
2023-08-22 07:15:00+00:00,63.68,63.75,63.66,63.67,29,24,63.72
2023-08-22 07:30:00+00:00,63.67,63.68,63.58,63.61,113,78,63.624
2023-08-22 07:45:00+00:00,63.63,63.65,63.55,63.65,50,37,63.578
2023-08-22 08:00:00+00:00,63.67,63.9,63.67,63.84,67,55,63.791
2023-08-22 08:15:00+00:00,63.83,63.87,63.79,63.84,22,20,63.829
2023-08-22 08:30:00+00:00,63.8,63.8,63.7,63.79,33,27,63.744
2023-08-22 08:45:00+00:00,63.79,63.79,63.73,63.78,6,5,63.773
2023-08-22 09:00:00+00:00,63.78,64.0,63.78,63.94,46,40,63.925
2023-08-22 09:15:00+00:00,63.91,63.93,63.66,63.75,326,116,63.794
2023-08-22 09:30:00+00:00,63.74,63.74,63.39,63.39,616,372,63.52
2023-08-22 09:45:00+00:00,63.39,63.47,63.07,63.14,480,329,63.281
2023-08-22 10:00:00+00:00,63.15,63.19,63.0,63.14,451,276,63.09
2023-08-22 10:15:00+00:00,63.15,63.34,63.15,63.27,148,101,63.252
2023-08-22 10:30:00+00:00,63.26,63.28,63.09,63.13,232,146,63.196
2023-08-22 10:45:00+00:00,63.13,63.13,62.96,63.05,362,266,63.031
2023-08-22 11:00:00+00:00,63.03,63.06,62.94,63.02,185,132,63.001
2023-08-22 11:15:00+00:00,63.02,63.04,62.88,63.02,210,150,62.949
2023-08-22 11:30:00+00:00,63.01,63.18,63.01,63.11,162,117,63.082
2023-08-22 11:45:00+00:00,63.08,63.18,63.08,63.1,217,145,63.132
2023-08-22 12:00:00+00:00,63.1,63.25,63.1,63.23,140,71,63.155
2023-08-22 12:15:00+00:00,63.25,63.34,63.21,63.21,66,55,63.286
2023-08-22 12:30:00+00:00,63.24,63.43,63.24,63.35,171,93,63.363
2023-08-22 12:45:00+00:00,63.33,63.33,63.18,63.19,190,106,63.232
2023-08-22 13:00:00+00:00,63.2,63.21,62.97,63.04,316,142,63.077
2023-08-22 13:15:00+00:00,63.04,63.19,63.04,63.19,75,50,63.127
2023-08-22 13:30:00+00:00,63.2,63.2,63.08,63.1,72,49,63.136
2023-08-22 13:45:00+00:00,63.09,63.22,63.08,63.2,134,109,63.164
2023-08-22 14:00:00+00:00,63.18,63.28,63.17,63.2,372,238,63.245
2023-08-22 14:15:00+00:00,63.19,63.28,63.09,63.1,132,90,63.195
2023-08-22 14:30:00+00:00,63.1,63.16,63.07,63.1,329,225,63.096
2023-08-22 15:30:00+00:00,63.26,63.54,62.7,62.71,5044,2844,63.117
2023-08-22 15:45:00+00:00,62.72,62.85,62.38,62.55,3426,1901,62.597
2023-08-22 16:00:00+00:00,62.55,62.84,62.5,62.56,1719,896,62.621
2023-08-22 16:15:00+00:00,62.57,62.71,62.45,62.69,1393,836,62.558
2023-08-22 16:30:00+00:00,62.68,62.74,62.46,62.55,1389,817,62.594
2023-08-22 16:45:00+00:00,62.55,62.73,62.45,62.48,2147,1105,62.583
2023-08-22 17:00:00+00:00,62.48,62.5,62.18,62.38,2035,1109,62.368
2023-08-22 17:15:00+00:00,62.37,62.37,61.95,61.97,2449,1228,62.123
2023-08-22 17:30:00+00:00,61.97,62.37,61.9,62.33,2050,1183,62.117
2023-08-22 17:45:00+00:00,62.33,62.4,62.2,62.31,963,542,62.327
2023-08-22 18:00:00+00:00,62.33,62.42,62.09,62.36,1092,625,62.241
2023-08-22 18:15:00+00:00,62.36,62.4,62.14,62.28,507,338,62.274
2023-08-22 18:30:00+00:00,62.29,62.39,62.18,62.39,1181,723,62.261
2023-08-22 18:45:00+00:00,62.39,62.42,62.23,62.25,706,412,62.344
2023-08-22 19:00:00+00:00,62.26,62.32,61.95,61.99,1685,875,62.117
2023-08-22 19:15:00+00:00,61.99,62.01,61.84,61.95,1474,761,61.93
2023-08-22 19:30:00+00:00,61.96,61.97,61.74,61.81,1539,892,61.849
2023-08-22 19:45:00+00:00,61.81,61.95,61.74,61.9,1241,749,61.864
2023-08-22 20:00:00+00:00,61.89,61.97,61.77,61.79,4271,1996,61.85
2023-08-22 20:15:00+00:00,61.79,61.81,61.64,61.73,1241,510,61.729
2023-08-23 02:00:00+00:00,61.8,61.8,60.7,60.95,2142,1023,61.141
2023-08-23 02:15:00+00:00,60.95,61.06,60.8,61.03,279,154,60.93
2023-08-23 02:30:00+00:00,61.06,61.18,60.99,61.18,281,182,61.076
2023-08-23 02:45:00+00:00,61.15,61.28,61.07,61.2,502,303,61.179
2023-08-23 03:00:00+00:00,61.21,61.42,61.01,61.34,712,450,61.237
2023-08-23 03:15:00+00:00,61.32,61.41,61.3,61.39,154,95,61.36
2023-08-23 03:30:00+00:00,61.39,61.42,61.24,61.33,195,143,61.333
2023-08-23 03:45:00+00:00,61.3,61.3,61.23,61.23,49,36,61.267
2023-08-23 04:00:00+00:00,61.22,61.39,61.21,61.39,176,121,61.295
2023-08-23 04:15:00+00:00,61.37,61.42,61.37,61.38,70,48,61.389
2023-08-23 04:30:00+00:00,61.39,61.64,61.37,61.59,515,262,61.542
2023-08-23 04:45:00+00:00,61.6,61.67,61.58,61.61,98,61,61.611
2023-08-23 05:00:00+00:00,61.59,61.74,61.57,61.74,167,116,61.643
2023-08-23 05:15:00+00:00,61.74,61.79,61.69,61.71,204,112,61.736
2023-08-23 05:30:00+00:00,61.74,61.93,61.74,61.93,539,270,61.823
2023-08-23 05:45:00+00:00,61.89,61.91,61.79,61.79,76,34,61.865
2023-08-23 06:00:00+00:00,61.8,61.82,61.76,61.77,72,62,61.786
2023-08-23 06:15:00+00:00,61.73,61.74,61.7,61.73,47,17,61.714
2023-08-23 06:30:00+00:00,61.72,61.79,61.7,61.78,182,135,61.742
2023-08-23 06:45:00+00:00,61.78,61.81,61.75,61.81,67,40,61.774
2023-08-23 07:00:00+00:00,61.81,61.82,61.75,61.78,54,34,61.779
2023-08-23 07:15:00+00:00,61.77,61.78,61.71,61.76,46,26,61.734
2023-08-23 07:30:00+00:00,61.76,61.86,61.75,61.82,143,107,61.798
2023-08-23 07:45:00+00:00,61.82,61.94,61.81,61.93,267,198,61.866
2023-08-23 08:00:00+00:00,61.91,62.02,61.9,61.99,471,312,61.97
2023-08-23 08:15:00+00:00,61.98,62.01,61.91,61.92,247,183,61.964
2023-08-23 08:30:00+00:00,61.91,61.91,61.85,61.88,156,89,61.876
2023-08-23 08:45:00+00:00,61.87,61.89,61.81,61.82,250,169,61.841
2023-08-23 09:00:00+00:00,61.83,61.95,61.81,61.86,149,114,61.863
2023-08-23 09:15:00+00:00,61.88,61.95,61.87,61.94,78,54,61.918
2023-08-23 09:30:00+00:00,61.93,61.99,61.7,61.77,562,228,61.827
2023-08-23 09:45:00+00:00,61.78,61.83,61.63,61.7,181,130,61.695
2023-08-23 10:00:00+00:00,61.72,61.74,61.63,61.63,138,96,61.691
2023-08-23 10:15:00+00:00,61.63,61.63,61.46,61.57,332,191,61.549
2023-08-23 10:30:00+00:00,61.56,61.71,61.52,61.6,259,181,61.584
2023-08-23 10:45:00+00:00,61.59,61.65,61.47,61.62,140,85,61.549
2023-08-23 11:00:00+00:00,61.64,61.68,61.61,61.61,62,46,61.655
2023-08-23 11:15:00+00:00,61.58,61.62,61.48,61.48,133,85,61.534
2023-08-23 11:30:00+00:00,61.46,61.55,61.46,61.52,128,99,61.505
2023-08-23 11:45:00+00:00,61.51,61.51,61.31,61.42,546,279,61.373
2023-08-23 12:00:00+00:00,61.42,61.46,61.32,61.36,288,103,61.379
2023-08-23 12:15:00+00:00,61.37,61.45,61.35,61.39,84,65,61.394
2023-08-23 12:30:00+00:00,61.38,61.49,61.38,61.39,129,82,61.439
2023-08-23 12:45:00+00:00,61.43,61.44,61.34,61.35,127,77,61.376
2023-08-23 13:00:00+00:00,61.34,61.53,61.34,61.47,264,132,61.411
2023-08-23 13:15:00+00:00,61.46,61.47,61.39,61.43,118,61,61.414
2023-08-23 13:30:00+00:00,61.42,61.51,61.42,61.48,78,60,61.468
2023-08-23 13:45:00+00:00,61.48,61.61,61.47,61.59,155,122,61.564
2023-08-23 14:00:00+00:00,61.59,61.64,61.39,61.39,485,279,61.479
2023-08-23 14:15:00+00:00,61.41,61.62,61.39,61.57,170,114,61.506
2023-08-23 14:30:00+00:00,61.58,61.66,61.54,61.6,193,126,61.592
2023-08-23 15:30:00+00:00,61.48,61.98,61.11,61.64,5525,2863,61.552
2023-08-23 15:45:00+00:00,61.65,61.73,61.26,61.48,2346,1312,61.482
2023-08-23 16:00:00+00:00,61.49,61.85,61.34,61.77,1926,1097,61.632
2023-08-23 16:15:00+00:00,61.77,61.83,61.57,61.62,1331,746,61.714
2023-08-23 16:30:00+00:00,61.62,62.21,61.53,62.17,3028,1464,61.881
2023-08-23 16:45:00+00:00,62.18,62.35,61.99,62.2,3231,1403,62.189
2023-08-23 17:00:00+00:00,62.2,62.89,62.08,62.68,4643,2198,62.535
2023-08-23 17:15:00+00:00,62.69,62.84,62.51,62.54,1689,958,62.675
2023-08-23 17:30:00+00:00,62.55,62.65,62.29,62.61,2117,1136,62.484
2023-08-23 17:45:00+00:00,62.6,62.66,62.42,62.61,1153,739,62.561
2023-08-23 18:00:00+00:00,62.62,62.81,62.53,62.8,1227,635,62.717
2023-08-23 18:15:00+00:00,62.8,62.92,62.78,62.86,1050,612,62.848
2023-08-23 18:30:00+00:00,62.85,62.85,62.56,62.82,1131,618,62.7
2023-08-23 18:45:00+00:00,62.82,62.98,62.79,62.87,1507,781,62.901
2023-08-23 19:00:00+00:00,62.87,63.08,62.82,63.05,1177,645,62.96
2023-08-23 19:15:00+00:00,63.05,63.25,63.03,63.13,1355,811,63.156
2023-08-23 19:30:00+00:00,63.14,63.41,63.14,63.27,2094,1178,63.27
2023-08-23 19:45:00+00:00,63.28,63.32,63.01,63.13,1267,686,63.173
2023-08-23 20:00:00+00:00,63.13,63.21,62.92,62.97,3311,1680,63.028
2023-08-23 20:15:00+00:00,62.96,62.98,62.89,62.92,872,384,62.944
2023-08-24 02:00:00+00:00,62.97,63.08,62.8,63.02,556,327,62.942
2023-08-24 02:15:00+00:00,63.05,63.2,63.03,63.11,203,125,63.15
2023-08-24 02:30:00+00:00,63.1,63.13,62.99,63.0,74,61,63.072
2023-08-24 02:45:00+00:00,62.99,63.06,62.79,62.89,510,259,62.88
2023-08-24 03:00:00+00:00,62.88,62.89,62.62,62.8,432,273,62.763
2023-08-24 03:15:00+00:00,62.78,62.85,62.71,62.82,70,46,62.776
2023-08-24 03:30:00+00:00,62.79,62.83,62.65,62.65,186,124,62.726
2023-08-24 03:45:00+00:00,62.66,62.66,62.53,62.62,175,97,62.564
2023-08-24 04:00:00+00:00,62.62,62.82,62.58,62.79,157,112,62.688
2023-08-24 04:15:00+00:00,62.75,62.82,62.73,62.73,18,13,62.782
2023-08-24 04:30:00+00:00,62.76,62.86,62.72,62.81,58,46,62.798
2023-08-24 04:45:00+00:00,62.82,62.91,62.82,62.87,34,30,62.871
2023-08-24 05:00:00+00:00,62.83,62.83,62.75,62.78,120,50,62.778
2023-08-24 05:15:00+00:00,62.79,62.85,62.78,62.83,22,18,62.811
2023-08-24 05:30:00+00:00,62.83,62.83,62.79,62.82,16,13,62.813
2023-08-24 05:45:00+00:00,62.82,62.83,62.81,62.82,4,4,62.82
2023-08-24 06:00:00+00:00,62.84,62.84,62.82,62.82,16,10,62.833
2023-08-24 06:15:00+00:00,62.81,62.83,62.79,62.8,23,15,62.805
2023-08-24 06:30:00+00:00,62.79,62.88,62.75,62.87,38,24,62.828
2023-08-24 06:45:00+00:00,62.84,62.88,62.84,62.88,7,7,62.871
2023-08-24 07:00:00+00:00,62.86,62.86,62.84,62.84,7,6,62.853
2023-08-24 07:15:00+00:00,62.86,62.86,62.77,62.83,106,51,62.833
2023-08-24 07:30:00+00:00,62.83,62.97,62.82,62.86,73,50,62.918
2023-08-24 07:45:00+00:00,62.85,62.88,62.82,62.83,149,81,62.846
2023-08-24 08:00:00+00:00,62.82,62.84,62.65,62.67,288,164,62.766
2023-08-24 08:15:00+00:00,62.67,62.68,62.59,62.6,60,49,62.628
2023-08-24 08:30:00+00:00,62.59,62.62,62.46,62.51,307,142,62.542
2023-08-24 08:45:00+00:00,62.53,62.54,62.32,62.37,192,107,62.401
2023-08-24 09:00:00+00:00,62.36,62.47,62.36,62.38,354,209,62.429
2023-08-24 09:15:00+00:00,62.4,62.4,62.29,62.32,289,201,62.337
2023-08-24 09:30:00+00:00,62.31,62.31,62.17,62.24,329,155,62.219
2023-08-24 09:45:00+00:00,62.27,62.27,62.14,62.15,158,92,62.171
2023-08-24 10:00:00+00:00,62.13,62.29,62.13,62.23,96,57,62.241
2023-08-24 10:15:00+00:00,62.24,62.43,62.23,62.39,159,108,62.347
2023-08-24 10:30:00+00:00,62.4,62.5,62.38,62.5,66,44,62.438
2023-08-24 10:45:00+00:00,62.5,62.62,62.49,62.62,165,136,62.541
2023-08-24 11:00:00+00:00,62.63,62.63,62.57,62.58,55,45,62.583
2023-08-24 11:15:00+00:00,62.58,62.58,62.32,62.32,70,54,62.415
2023-08-24 11:30:00+00:00,62.34,62.36,62.26,62.31,133,84,62.301
2023-08-24 11:45:00+00:00,62.31,62.4,62.27,62.39,198,71,62.352
2023-08-24 12:00:00+00:00,62.38,62.44,62.37,62.37,18,17,62.389
2023-08-24 12:15:00+00:00,62.34,62.42,62.32,62.35,81,37,62.364
2023-08-24 12:30:00+00:00,62.35,62.36,62.26,62.33,218,113,62.294
2023-08-24 12:45:00+00:00,62.36,62.44,62.36,62.41,30,29,62.411
2023-08-24 13:00:00+00:00,62.41,62.47,62.4,62.42,81,54,62.441
2023-08-24 13:15:00+00:00,62.42,62.47,62.42,62.47,30,26,62.447
2023-08-24 13:30:00+00:00,62.47,62.57,62.47,62.49,264,155,62.528
2023-08-24 13:45:00+00:00,62.46,62.54,62.44,62.47,136,79,62.479
2023-08-24 14:00:00+00:00,62.49,62.52,62.3,62.34,434,234,62.424
2023-08-24 14:15:00+00:00,62.33,62.4,62.27,62.37,257,174,62.326
2023-08-24 14:30:00+00:00,62.35,62.43,62.23,62.36,427,236,62.317
2023-08-24 15:30:00+00:00,62.31,62.52,62.04,62.1,3380,1930,62.269
2023-08-24 15:45:00+00:00,62.09,62.54,61.79,62.47,3623,1859,62.102
2023-08-24 16:00:00+00:00,62.5,62.7,62.23,62.5,2109,1091,62.484
2023-08-24 16:15:00+00:00,62.49,62.59,62.25,62.26,919,501,62.407
2023-08-24 16:30:00+00:00,62.26,62.38,61.95,62.3,1871,984,62.14
2023-08-24 16:45:00+00:00,62.31,62.41,62.01,62.17,1026,658,62.172
2023-08-24 17:00:00+00:00,62.18,62.19,61.64,61.83,2415,1207,61.845
2023-08-24 17:15:00+00:00,61.83,61.94,61.63,61.87,2022,1050,61.758
2023-08-24 17:30:00+00:00,61.87,62.08,61.87,62.06,622,395,61.969
2023-08-24 17:45:00+00:00,62.07,62.25,62.03,62.1,1096,627,62.125
2023-08-24 18:00:00+00:00,62.11,62.32,61.98,62.07,813,545,62.178
2023-08-24 18:15:00+00:00,62.07,62.3,62.02,62.2,607,385,62.155
2023-08-24 18:30:00+00:00,62.18,62.19,62.02,62.07,504,280,62.065
2023-08-24 18:45:00+00:00,62.07,62.09,61.83,61.99,1417,838,61.963
2023-08-24 19:00:00+00:00,61.99,61.99,61.74,61.78,939,593,61.856
2023-08-24 19:15:00+00:00,61.78,61.85,61.67,61.78,1215,670,61.726
2023-08-24 19:30:00+00:00,61.77,61.97,61.75,61.86,1571,842,61.856
2023-08-24 19:45:00+00:00,61.86,62.12,61.86,62.12,1125,696,61.955
2023-08-24 20:00:00+00:00,62.13,62.21,62.09,62.19,2281,1325,62.159
2023-08-24 20:15:00+00:00,62.19,62.32,62.15,62.25,495,271,62.226
2023-08-25 02:00:00+00:00,62.0,62.27,61.93,62.2,644,356,62.13
2023-08-25 02:15:00+00:00,62.21,62.3,62.21,62.29,71,59,62.252
2023-08-25 02:30:00+00:00,62.29,62.29,62.27,62.27,24,23,62.285
2023-08-25 02:45:00+00:00,62.26,62.29,62.2,62.2,27,22,62.24
2023-08-25 03:00:00+00:00,62.22,62.42,62.19,62.28,668,382,62.315
2023-08-25 03:15:00+00:00,62.29,62.37,62.29,62.32,16,16,62.333
2023-08-25 03:30:00+00:00,62.31,62.37,62.26,62.26,68,61,62.31
2023-08-25 03:45:00+00:00,62.26,62.41,62.25,62.4,41,34,62.334
2023-08-25 04:00:00+00:00,62.39,62.45,62.33,62.45,69,58,62.421
2023-08-25 04:15:00+00:00,62.47,62.47,62.38,62.39,67,60,62.432
2023-08-25 04:30:00+00:00,62.41,62.48,62.35,62.48,162,130,62.398
2023-08-25 04:45:00+00:00,62.49,62.55,62.44,62.46,236,139,62.505
2023-08-25 05:00:00+00:00,62.46,62.52,62.42,62.52,42,35,62.46
2023-08-25 05:15:00+00:00,62.52,62.55,62.44,62.46,56,48,62.517
2023-08-25 05:30:00+00:00,62.46,62.53,62.46,62.48,12,10,62.488
2023-08-25 05:45:00+00:00,62.5,62.51,62.47,62.48,27,17,62.482
2023-08-25 06:00:00+00:00,62.46,62.5,62.46,62.48,13,12,62.482
2023-08-25 06:15:00+00:00,62.48,62.57,62.46,62.55,53,45,62.515
2023-08-25 06:30:00+00:00,62.56,62.56,62.48,62.48,45,38,62.523
2023-08-25 06:45:00+00:00,62.48,62.55,62.48,62.54,16,15,62.523
2023-08-25 07:00:00+00:00,62.54,62.55,62.4,62.44,87,59,62.461
2023-08-25 07:15:00+00:00,62.47,62.51,62.43,62.51,32,21,62.472
2023-08-25 07:30:00+00:00,62.5,62.54,62.49,62.52,25,23,62.518
2023-08-25 07:45:00+00:00,62.53,62.64,62.53,62.63,112,79,62.602
2023-08-25 08:00:00+00:00,62.63,62.69,62.58,62.68,115,103,62.64
2023-08-25 08:15:00+00:00,62.65,62.73,62.62,62.68,105,77,62.68
2023-08-25 08:30:00+00:00,62.69,62.71,62.53,62.61,382,254,62.648
2023-08-25 08:45:00+00:00,62.61,62.69,62.6,62.65,99,60,62.658
2023-08-25 09:00:00+00:00,62.64,62.74,62.57,62.69,346,161,62.672
2023-08-25 09:15:00+00:00,62.7,62.76,62.63,62.7,111,74,62.706
2023-08-25 09:30:00+00:00,62.69,62.73,62.68,62.69,59,35,62.712
2023-08-25 09:45:00+00:00,62.68,62.72,62.68,62.72,29,24,62.698
2023-08-25 10:00:00+00:00,62.73,62.81,62.71,62.79,124,95,62.763
2023-08-25 10:15:00+00:00,62.8,62.81,62.73,62.78,69,48,62.763
2023-08-25 10:30:00+00:00,62.8,62.84,62.7,62.84,323,119,62.757
2023-08-25 10:45:00+00:00,62.85,62.93,62.85,62.92,157,96,62.889
2023-08-25 11:00:00+00:00,62.9,62.99,62.89,62.93,106,78,62.941
2023-08-25 11:15:00+00:00,62.93,63.11,62.93,63.05,213,127,63.039
2023-08-25 11:30:00+00:00,63.08,63.08,62.97,63.01,126,68,63.015
2023-08-25 11:45:00+00:00,63.06,63.12,63.05,63.12,129,71,63.092
2023-08-25 12:00:00+00:00,63.13,63.13,63.04,63.07,59,47,63.079
2023-08-25 12:15:00+00:00,63.07,63.1,63.03,63.09,156,60,63.058
2023-08-25 12:30:00+00:00,63.08,63.11,63.06,63.07,111,54,63.075
2023-08-25 12:45:00+00:00,63.07,63.09,63.03,63.04,90,68,63.057
2023-08-25 13:00:00+00:00,63.04,63.07,62.98,63.03,152,98,63.021
2023-08-25 13:15:00+00:00,63.02,63.18,63.02,63.16,256,143,63.126
2023-08-25 13:30:00+00:00,63.16,63.34,63.16,63.34,565,331,63.247
2023-08-25 13:45:00+00:00,63.33,63.41,63.31,63.38,324,243,63.354
2023-08-25 14:00:00+00:00,63.38,63.56,63.35,63.56,661,357,63.468
2023-08-25 14:15:00+00:00,63.56,63.64,63.38,63.38,653,352,63.51
2023-08-25 14:30:00+00:00,63.39,63.51,63.33,63.35,673,346,63.414
2023-08-25 15:30:00+00:00,63.44,63.6,63.1,63.23,3799,2246,63.392
2023-08-25 15:45:00+00:00,63.24,63.48,63.14,63.41,1867,1249,63.345
2023-08-25 16:00:00+00:00,63.4,63.51,63.15,63.35,1429,889,63.32
2023-08-25 16:15:00+00:00,63.37,63.61,63.07,63.16,1347,917,63.29
2023-08-25 16:30:00+00:00,63.17,63.33,62.84,62.87,2408,1292,63.029
2023-08-25 16:45:00+00:00,62.87,63.31,62.86,63.2,1130,729,63.132
2023-08-25 17:00:00+00:00,63.21,63.33,63.17,63.24,944,588,63.257
2023-08-25 17:15:00+00:00,63.24,63.27,63.05,63.21,759,434,63.165
2023-08-25 17:30:00+00:00,63.21,63.22,63.1,63.17,433,255,63.167
2023-08-25 17:45:00+00:00,63.17,63.18,62.94,63.03,959,497,63.044
2023-08-25 18:00:00+00:00,63.04,63.22,63.01,63.19,416,273,63.117
2023-08-25 18:15:00+00:00,63.19,63.42,63.13,63.42,819,564,63.275
2023-08-25 18:30:00+00:00,63.43,63.44,63.08,63.32,990,556,63.269
2023-08-25 18:45:00+00:00,63.32,63.48,63.27,63.44,719,420,63.398
2023-08-25 19:00:00+00:00,63.43,63.55,63.4,63.44,663,381,63.485
2023-08-25 19:15:00+00:00,63.44,63.45,63.16,63.19,657,422,63.29
2023-08-25 19:30:00+00:00,63.2,63.2,63.01,63.11,538,335,63.08
2023-08-25 19:45:00+00:00,63.13,63.29,63.13,63.27,574,352,63.199
2023-08-25 20:00:00+00:00,63.27,63.43,63.18,63.34,2122,1123,63.296
2023-08-25 20:15:00+00:00,63.32,63.46,63.32,63.44,689,315,63.405
2023-08-28 02:00:00+00:00,63.78,64.27,63.7,63.94,1303,688,64.02
2023-08-28 02:15:00+00:00,63.92,63.95,63.83,63.85,127,96,63.896
2023-08-28 02:30:00+00:00,63.9,63.9,63.76,63.77,75,54,63.83
2023-08-28 02:45:00+00:00,63.78,63.84,63.7,63.8,281,122,63.76
2023-08-28 03:00:00+00:00,63.8,63.9,63.77,63.87,382,211,63.859
2023-08-28 03:15:00+00:00,63.87,64.17,63.87,64.13,174,109,64.038
2023-08-28 03:30:00+00:00,64.06,64.06,63.94,64.03,46,41,64.004
2023-08-28 03:45:00+00:00,64.01,64.04,63.88,63.94,42,37,63.934
2023-08-28 04:00:00+00:00,63.92,63.92,63.59,63.69,328,215,63.728
2023-08-28 04:15:00+00:00,63.65,63.66,63.56,63.66,86,70,63.598
2023-08-28 04:30:00+00:00,63.67,63.77,63.64,63.76,118,75,63.718
2023-08-28 04:45:00+00:00,63.74,63.8,63.5,63.53,189,134,63.639
2023-08-28 05:00:00+00:00,63.54,63.58,63.51,63.51,12,12,63.544
2023-08-28 05:15:00+00:00,63.5,63.55,63.5,63.55,16,13,63.529
2023-08-28 05:30:00+00:00,63.51,63.51,63.47,63.49,32,22,63.488
2023-08-28 05:45:00+00:00,63.48,63.49,63.44,63.46,31,28,63.459
2023-08-28 06:00:00+00:00,63.45,63.53,63.44,63.5,22,18,63.494
2023-08-28 06:15:00+00:00,63.48,63.51,63.47,63.48,14,13,63.486
2023-08-28 06:30:00+00:00,63.46,63.48,63.45,63.45,15,13,63.461
2023-08-28 06:45:00+00:00,63.45,63.48,63.45,63.48,15,13,63.459
2023-08-28 07:00:00+00:00,63.47,63.49,63.45,63.48,25,19,63.473
2023-08-28 07:15:00+00:00,63.48,63.55,63.48,63.54,52,38,63.524
2023-08-28 07:30:00+00:00,63.55,63.61,63.47,63.47,82,60,63.55
2023-08-28 07:45:00+00:00,63.45,63.46,63.3,63.3,142,100,63.371
2023-08-28 08:00:00+00:00,63.3,63.36,63.3,63.33,81,49,63.323
2023-08-28 08:15:00+00:00,63.35,63.39,63.28,63.3,60,39,63.333
2023-08-28 08:30:00+00:00,63.31,63.31,63.24,63.25,107,82,63.27
2023-08-28 08:45:00+00:00,63.23,63.29,63.19,63.22,110,78,63.235
2023-08-28 09:00:00+00:00,63.22,63.23,63.1,63.11,98,71,63.158
2023-08-28 09:15:00+00:00,63.1,63.12,63.01,63.07,174,126,63.07
2023-08-28 09:30:00+00:00,63.09,63.18,63.09,63.11,88,70,63.126
2023-08-28 09:45:00+00:00,63.1,63.1,63.06,63.09,181,146,63.078
2023-08-28 10:00:00+00:00,63.09,63.21,63.07,63.13,128,106,63.114
2023-08-28 10:15:00+00:00,63.15,63.26,63.14,63.23,55,48,63.202
2023-08-28 10:30:00+00:00,63.24,63.32,63.13,63.25,141,92,63.22
2023-08-28 10:45:00+00:00,63.23,63.25,63.15,63.15,77,55,63.204
2023-08-28 11:00:00+00:00,63.14,63.2,63.13,63.17,42,32,63.161
2023-08-28 11:15:00+00:00,63.17,63.2,63.13,63.17,86,57,63.158
2023-08-28 11:30:00+00:00,63.19,63.3,63.19,63.2,25,23,63.234
2023-08-28 11:45:00+00:00,63.21,63.23,63.12,63.13,28,22,63.156
2023-08-28 12:00:00+00:00,63.12,63.15,63.08,63.09,27,22,63.114
2023-08-28 12:15:00+00:00,63.11,63.12,63.06,63.08,66,50,63.093
2023-08-28 12:30:00+00:00,63.08,63.21,63.08,63.13,85,65,63.156
2023-08-28 12:45:00+00:00,63.15,63.22,63.13,63.19,53,39,63.189
2023-08-28 13:00:00+00:00,63.18,63.24,63.08,63.13,125,101,63.162
2023-08-28 13:15:00+00:00,63.14,63.14,63.06,63.13,45,39,63.087
2023-08-28 13:30:00+00:00,63.13,63.21,63.09,63.21,82,51,63.135
2023-08-28 13:45:00+00:00,63.19,63.19,63.13,63.14,166,110,63.167
2023-08-28 14:00:00+00:00,63.13,63.17,63.04,63.06,138,120,63.088
2023-08-28 14:15:00+00:00,63.05,63.15,63.05,63.13,136,98,63.108
2023-08-28 14:30:00+00:00,63.14,63.17,63.1,63.12,312,183,63.114
2023-08-28 15:30:00+00:00,63.1,63.62,62.78,63.52,3812,2147,63.174
2023-08-28 15:45:00+00:00,63.52,63.54,63.3,63.35,1753,1019,63.437
2023-08-28 16:00:00+00:00,63.34,63.56,63.29,63.51,1415,755,63.444
2023-08-28 16:15:00+00:00,63.49,63.59,63.33,63.53,1426,749,63.463
2023-08-28 16:30:00+00:00,63.53,63.8,63.53,63.72,1282,831,63.653
2023-08-28 16:45:00+00:00,63.71,63.76,63.6,63.75,701,430,63.687
2023-08-28 17:00:00+00:00,63.77,63.8,63.59,63.62,679,384,63.712
2023-08-28 17:15:00+00:00,63.62,63.67,63.49,63.58,870,498,63.589
2023-08-28 17:30:00+00:00,63.59,63.69,63.48,63.61,1013,528,63.598
2023-08-28 17:45:00+00:00,63.61,63.62,63.33,63.38,2742,1018,63.447
2023-08-28 18:00:00+00:00,63.38,63.68,63.35,63.51,1471,686,63.438
2023-08-28 18:15:00+00:00,63.51,63.57,63.4,63.52,319,210,63.477
2023-08-28 18:30:00+00:00,63.53,63.53,63.31,63.32,549,293,63.387
2023-08-28 18:45:00+00:00,63.32,63.36,63.02,63.12,1258,625,63.162
2023-08-28 19:00:00+00:00,63.13,63.32,63.1,63.3,1052,488,63.21
2023-08-28 19:15:00+00:00,63.3,63.38,63.22,63.32,786,494,63.302
2023-08-28 19:30:00+00:00,63.31,63.35,63.15,63.15,796,464,63.248
2023-08-28 19:45:00+00:00,63.15,63.2,63.07,63.14,750,451,63.141
2023-08-28 20:00:00+00:00,63.15,63.48,63.13,63.45,2947,1537,63.392
2023-08-28 20:15:00+00:00,63.45,63.52,63.38,63.41,970,334,63.476
2023-08-29 02:00:00+00:00,63.14,63.16,62.8,63.03,706,446,63.018
2023-08-29 02:15:00+00:00,62.98,63.0,62.95,62.97,50,46,62.978
2023-08-29 02:30:00+00:00,62.97,62.99,62.91,62.94,53,37,62.946
2023-08-29 02:45:00+00:00,62.96,63.03,62.96,63.03,87,59,63.003
2023-08-29 03:00:00+00:00,63.0,63.2,62.95,63.1,208,159,63.051
2023-08-29 03:15:00+00:00,63.12,63.21,63.04,63.12,62,55,63.144
2023-08-29 03:30:00+00:00,63.13,63.2,63.1,63.2,56,39,63.147
2023-08-29 03:45:00+00:00,63.21,63.24,63.08,63.11,63,38,63.129
2023-08-29 04:00:00+00:00,63.08,63.19,63.05,63.16,80,50,63.123
2023-08-29 04:15:00+00:00,63.17,63.21,63.17,63.17,18,13,63.196
2023-08-29 04:30:00+00:00,63.15,63.33,63.13,63.33,99,62,63.252
2023-08-29 04:45:00+00:00,63.33,63.49,63.33,63.47,169,98,63.42
2023-08-29 05:00:00+00:00,63.45,63.51,63.45,63.47,77,48,63.471
2023-08-29 05:15:00+00:00,63.48,63.53,63.46,63.51,53,37,63.489
2023-08-29 05:30:00+00:00,63.52,63.52,63.45,63.46,30,22,63.488
2023-08-29 05:45:00+00:00,63.46,63.46,63.33,63.35,58,47,63.411
2023-08-29 06:00:00+00:00,63.37,63.39,63.37,63.37,16,15,63.377
2023-08-29 06:15:00+00:00,63.37,63.4,63.34,63.37,20,17,63.375
2023-08-29 06:30:00+00:00,63.39,63.4,63.37,63.39,7,7,63.383
2023-08-29 06:45:00+00:00,63.38,63.42,63.37,63.39,29,25,63.407
2023-08-29 07:00:00+00:00,63.39,63.4,63.35,63.35,11,11,63.374
2023-08-29 07:15:00+00:00,63.34,63.39,63.32,63.35,18,16,63.347
2023-08-29 07:30:00+00:00,63.34,63.42,63.31,63.39,28,26,63.377
2023-08-29 07:45:00+00:00,63.37,63.39,63.29,63.31,32,25,63.323
2023-08-29 08:00:00+00:00,63.3,63.39,63.3,63.31,26,24,63.353
2023-08-29 08:15:00+00:00,63.29,63.32,63.2,63.22,40,33,63.249
2023-08-29 08:30:00+00:00,63.2,63.34,63.2,63.25,93,73,63.272
2023-08-29 08:45:00+00:00,63.26,63.26,63.06,63.08,156,95,63.125
2023-08-29 09:00:00+00:00,63.08,63.18,63.06,63.09,167,139,63.095
2023-08-29 09:15:00+00:00,63.09,63.15,63.05,63.11,245,174,63.102
2023-08-29 09:30:00+00:00,63.11,63.21,63.06,63.08,224,172,63.124
2023-08-29 09:45:00+00:00,63.07,63.16,63.06,63.09,83,63,63.122
2023-08-29 10:00:00+00:00,63.08,63.09,62.98,63.0,275,141,63.025
2023-08-29 10:15:00+00:00,63.03,63.2,63.02,63.11,158,113,63.116
2023-08-29 10:30:00+00:00,63.11,63.27,63.11,63.2,75,47,63.198
2023-08-29 10:45:00+00:00,63.17,63.17,63.07,63.08,15,14,63.107
2023-08-29 11:00:00+00:00,63.08,63.24,63.08,63.23,65,41,63.174
2023-08-29 11:15:00+00:00,63.23,63.32,63.23,63.29,67,43,63.28
2023-08-29 11:30:00+00:00,63.28,63.3,63.26,63.26,14,13,63.272
2023-08-29 11:45:00+00:00,63.27,63.27,63.18,63.24,50,32,63.233
2023-08-29 12:00:00+00:00,63.28,63.36,63.24,63.34,36,30,63.319
2023-08-29 12:15:00+00:00,63.36,63.37,63.31,63.34,67,40,63.34
2023-08-29 12:30:00+00:00,63.33,63.33,63.29,63.29,10,8,63.304
2023-08-29 12:45:00+00:00,63.27,63.32,63.22,63.23,29,19,63.282
2023-08-29 13:00:00+00:00,63.24,63.27,63.22,63.24,60,42,63.247
2023-08-29 13:15:00+00:00,63.24,63.33,63.23,63.26,111,67,63.285
2023-08-29 13:30:00+00:00,63.26,63.27,63.09,63.12,209,112,63.166
2023-08-29 13:45:00+00:00,63.13,63.15,63.05,63.15,132,86,63.091
2023-08-29 14:00:00+00:00,63.14,63.17,63.1,63.14,137,85,63.144
2023-08-29 14:15:00+00:00,63.14,63.28,63.12,63.2,237,151,63.2
2023-08-29 14:30:00+00:00,63.19,63.34,63.18,63.34,466,229,63.266
2023-08-29 15:30:00+00:00,63.43,63.66,63.19,63.22,3478,2015,63.444
2023-08-29 15:45:00+00:00,63.21,63.46,63.07,63.39,1785,960,63.242
2023-08-29 16:00:00+00:00,63.39,63.73,63.38,63.73,1944,1123,63.566
2023-08-29 16:15:00+00:00,63.74,63.93,63.62,63.75,1771,1052,63.799
2023-08-29 16:30:00+00:00,63.77,63.93,63.63,63.64,4042,1658,63.714
2023-08-29 16:45:00+00:00,63.64,63.67,63.46,63.59,959,545,63.579
2023-08-29 17:00:00+00:00,63.58,63.6,63.49,63.56,2889,1270,63.554
2023-08-29 17:15:00+00:00,63.57,63.67,63.52,63.61,1171,637,63.599
2023-08-29 17:30:00+00:00,63.61,63.8,63.47,63.8,752,419,63.574
2023-08-29 17:45:00+00:00,63.8,63.82,63.47,63.5,467,311,63.652
2023-08-29 18:00:00+00:00,63.51,63.58,63.33,63.52,768,504,63.412
2023-08-29 18:15:00+00:00,63.53,63.72,63.45,63.56,822,504,63.592
2023-08-29 18:30:00+00:00,63.56,63.56,63.17,63.17,1019,693,63.295
2023-08-29 18:45:00+00:00,63.17,63.37,63.06,63.33,1386,925,63.195
2023-08-29 19:00:00+00:00,63.35,63.52,63.33,63.42,674,457,63.427
2023-08-29 19:15:00+00:00,63.42,63.57,63.42,63.46,875,511,63.495
2023-08-29 19:30:00+00:00,63.46,63.67,63.36,63.65,1171,597,63.549
2023-08-29 19:45:00+00:00,63.63,63.67,63.56,63.6,966,554,63.61
2023-08-29 20:00:00+00:00,63.61,63.64,63.27,63.33,1928,1124,63.401
2023-08-29 20:15:00+00:00,63.34,63.34,63.26,63.29,659,204,63.293
